{
"type": "FeatureCollection",
"name": "facilities",
"crs": { "type": "name", "properties": { "name": "urn:ogc:def:crs:OGC:1.3:CRS84" } },
"features": [
{ "type": "Feature", "properties": { "facility_id": "facility_0001", "facility_type": "Police Station", "facility_name": "Nairobi Area Traffic HQ", "network_node": 6369594852, "flood_impact": 0.64792011722195342, "flood_impact_class": "High", "physically_affected": true, "reachable": true, "response_time_min": 3.6600081449973132, "route_edges": [ "road_003696", "road_004162", "road_003824", "road_003826", "road_006013", "road_004188", "road_004191", "road_006020", "road_003048", "road_003050", "road_003053", "road_000983", "road_000985", "road_004154", "road_003080", "road_003082", "road_003641", "road_005584", "road_005585", "road_005595", "road_004645", "road_004646", "road_005843", "road_005589" ], "normal_response_time_min": 3.303308983923178, "normal_reachable": true, "response_delay_min": 0.35669916107413524, "access_status": "Accessible", "response_disrupted": false, "operationally_affected": true }, "geometry": { "type": "Point", "coordinates": [ 36.8082543, -1.2971556 ] } },
{ "type": "Feature", "properties": { "facility_id": "facility_0002", "facility_type": "Police Station", "facility_name": "Muthurua Police Station", "network_node": 30498722, "flood_impact": 0.66016760064718938, "flood_impact_class": "High", "physically_affected": true, "reachable": true, "response_time_min": 14.844285530639839, "route_edges": [ "road_003696", "road_004162", "road_003824", "road_003826", "road_006013", "road_004188", "road_004191", "road_006020", "road_003048", "road_003050", "road_003053", "road_000983", "road_000985", "road_004154", "road_003080", "road_003082", "road_003641", "road_005584", "road_005585", "road_005595", "road_004645", "road_004646", "road_005843", "road_005590", "road_000187", "road_000190", "road_000326", "road_000279", "road_000192", "road_000197", "road_000215", "road_004767", "road_000202", "road_000204", "road_000089", "road_000080", "road_000086", "road_000096", "road_000099", "road_003839", "road_003841", "road_006597", "road_003520", "road_000058", "road_000056", "road_000386", "road_001421", "road_001409", "road_001411", "road_001412", "road_003650", "road_003653", "road_003661", "road_004175", "road_003782", "road_001897", "road_003544", "road_005835", "road_000979", "road_000980", "road_003546", "road_003549", "road_000892", "road_000850", "road_000853", "road_000890", "road_005993", "road_006011", "road_002952", "road_002953", "road_003746", "road_000736", "road_000737", "road_000739", "road_001517", "road_000794", "road_000796", "road_000791", "road_000792", "road_000801", "road_001501", "road_005523", "road_005526", "road_001533", "road_001531", "road_001528", "road_000834", "road_000835", "road_001480", "road_001483", "road_006303", "road_001543", "road_001490", "road_000804", "road_000808", "road_001492", "road_005805", "road_001478", "road_001476", "road_001495", "road_000990", "road_001001", "road_001005", "road_000999", "road_000995", "road_000994", "road_000992", "road_000730" ], "normal_response_time_min": 9.1360926735869459, "normal_reachable": true, "response_delay_min": 5.708192857052893, "access_status": "Severely Disrupted", "response_disrupted": true, "operationally_affected": true }, "geometry": { "type": "Point", "coordinates": [ 36.8356843, -1.288501 ] } },
{ "type": "Feature", "properties": { "facility_id": "facility_0003", "facility_type": "Police Station", "facility_name": "Kilimani Divisional Police Station", "network_node": 2469825480, "flood_impact": 0.59578794008438385, "flood_impact_class": "Moderate", "physically_affected": true, "reachable": true, "response_time_min": 7.961936109599371, "route_edges": [ "road_003696", "road_004162", "road_003824", "road_003826", "road_006013", "road_004188", "road_004191", "road_006021", "road_003051", "road_003075", "road_003071", "road_003058", "road_003057", "road_003064", "road_000134", "road_000132", "road_000137", "road_005542", "road_003283", "road_003278", "road_003286", "road_003535", "road_003319", "road_003311" ], "normal_response_time_min": 4.7336998716319911, "normal_reachable": true, "response_delay_min": 3.2282362379673799, "access_status": "Severely Disrupted", "response_disrupted": true, "operationally_affected": true }, "geometry": { "type": "Point", "coordinates": [ 36.795069, -1.2917949 ] } },
{ "type": "Feature", "properties": { "facility_id": "facility_0004", "facility_type": "Clinic", "facility_name": "St Elizabeth Medical Clinic", "network_node": 489246621, "flood_impact": null, "flood_impact_class": "No Data", "physically_affected": false, "reachable": true, "response_time_min": 4.443770608894356, "route_edges": [ "road_003696", "road_004162", "road_003824", "road_003826", "road_006013", "road_004188", "road_004191", "road_006021", "road_003051", "road_003074", "road_003046", "road_003039", "road_003043", "road_003259", "road_003258", "road_003263" ], "normal_response_time_min": 4.0308366017705355, "normal_reachable": true, "response_delay_min": 0.41293400712382056, "access_status": "Accessible", "response_disrupted": false, "operationally_affected": false }, "geometry": { "type": "Point", "coordinates": [ 36.7900408, -1.3109131 ] } },
{ "type": "Feature", "properties": { "facility_id": "facility_0005", "facility_type": "Clinic", "facility_name": "Frepals Nursing Home", "network_node": 489246621, "flood_impact": null, "flood_impact_class": "No Data", "physically_affected": false, "reachable": true, "response_time_min": 4.443770608894356, "route_edges": [ "road_003696", "road_004162", "road_003824", "road_003826", "road_006013", "road_004188", "road_004191", "road_006021", "road_003051", "road_003074", "road_003046", "road_003039", "road_003043", "road_003259", "road_003258", "road_003263" ], "normal_response_time_min": 4.0308366017705355, "normal_reachable": true, "response_delay_min": 0.41293400712382056, "access_status": "Accessible", "response_disrupted": false, "operationally_affected": false }, "geometry": { "type": "Point", "coordinates": [ 36.7929726, -1.3117443 ] } },
{ "type": "Feature", "properties": { "facility_id": "facility_0006", "facility_type": "Hospital", "facility_name": "Saola Health Clinic", "network_node": 7723878225, "flood_impact": null, "flood_impact_class": "No Data", "physically_affected": false, "reachable": true, "response_time_min": 3.7402001893414614, "route_edges": [ "road_003696", "road_004162", "road_003824", "road_003826", "road_006013", "road_004188", "road_004191", "road_006021", "road_003051", "road_003074", "road_003046", "road_003039", "road_003043", "road_003261", "road_003805" ], "normal_response_time_min": 3.7402001893414614, "normal_reachable": true, "response_delay_min": 0.0, "access_status": "Accessible", "response_disrupted": false, "operationally_affected": false }, "geometry": { "type": "Point", "coordinates": [ 36.7991031, -1.3117185 ] } },
{ "type": "Feature", "properties": { "facility_id": "facility_0007", "facility_type": "Clinic", "facility_name": "St Mac's Clinic", "network_node": 612008259, "flood_impact": null, "flood_impact_class": "No Data", "physically_affected": false, "reachable": true, "response_time_min": 3.7959470647761662, "route_edges": [ "road_003696", "road_004162", "road_003824", "road_003826", "road_006013", "road_004188", "road_004191", "road_006021", "road_003051", "road_003074", "road_003046", "road_003039", "road_003043", "road_003261", "road_003805", "road_003804" ], "normal_response_time_min": 3.7959470647761662, "normal_reachable": true, "response_delay_min": 0.0, "access_status": "Accessible", "response_disrupted": false, "operationally_affected": false }, "geometry": { "type": "Point", "coordinates": [ 36.7977924, -1.3119267 ] } },
{ "type": "Feature", "properties": { "facility_id": "facility_0008", "facility_type": "Clinic", "facility_name": "Kishep Medical Centre and Dental Clinic", "network_node": 612008259, "flood_impact": null, "flood_impact_class": "No Data", "physically_affected": false, "reachable": true, "response_time_min": 3.7959470647761662, "route_edges": [ "road_003696", "road_004162", "road_003824", "road_003826", "road_006013", "road_004188", "road_004191", "road_006021", "road_003051", "road_003074", "road_003046", "road_003039", "road_003043", "road_003261", "road_003805", "road_003804" ], "normal_response_time_min": 3.7959470647761662, "normal_reachable": true, "response_delay_min": 0.0, "access_status": "Accessible", "response_disrupted": false, "operationally_affected": false }, "geometry": { "type": "Point", "coordinates": [ 36.7959341, -1.3128435 ] } },
{ "type": "Feature", "properties": { "facility_id": "facility_0009", "facility_type": "Police Station", "facility_name": "Unnamed Facility", "network_node": 13930372162, "flood_impact": null, "flood_impact_class": "No Data", "physically_affected": false, "reachable": true, "response_time_min": 7.2498482367791617, "route_edges": [ "road_003696", "road_004162", "road_003824", "road_003826", "road_006014", "road_006019", "road_006432", "road_005532", "road_004102", "road_003697", "road_003699", "road_003690", "road_003692", "road_000171", "road_000173", "road_005710", "road_005971", "road_001876", "road_001879", "road_000152", "road_000144", "road_000148", "road_000155", "road_000161", "road_003008", "road_003015", "road_001998", "road_004757", "road_004758", "road_004761" ], "normal_response_time_min": 4.3265418986319277, "normal_reachable": true, "response_delay_min": 2.923306338147234, "access_status": "Severely Disrupted", "response_disrupted": true, "operationally_affected": true }, "geometry": { "type": "Point", "coordinates": [ 36.8252852, -1.3051769 ] } },
{ "type": "Feature", "properties": { "facility_id": "facility_0010", "facility_type": "Clinic", "facility_name": "Mary Medical clinic", "network_node": 612008259, "flood_impact": null, "flood_impact_class": "No Data", "physically_affected": false, "reachable": true, "response_time_min": 3.7959470647761662, "route_edges": [ "road_003696", "road_004162", "road_003824", "road_003826", "road_006013", "road_004188", "road_004191", "road_006021", "road_003051", "road_003074", "road_003046", "road_003039", "road_003043", "road_003261", "road_003805", "road_003804" ], "normal_response_time_min": 3.7959470647761662, "normal_reachable": true, "response_delay_min": 0.0, "access_status": "Accessible", "response_disrupted": false, "operationally_affected": false }, "geometry": { "type": "Point", "coordinates": [ 36.7964865, -1.3133844 ] } },
{ "type": "Feature", "properties": { "facility_id": "facility_0011", "facility_type": "Clinic", "facility_name": "Mtaani VCT", "network_node": 612008259, "flood_impact": null, "flood_impact_class": "No Data", "physically_affected": false, "reachable": true, "response_time_min": 3.7959470647761662, "route_edges": [ "road_003696", "road_004162", "road_003824", "road_003826", "road_006013", "road_004188", "road_004191", "road_006021", "road_003051", "road_003074", "road_003046", "road_003039", "road_003043", "road_003261", "road_003805", "road_003804" ], "normal_response_time_min": 3.7959470647761662, "normal_reachable": true, "response_delay_min": 0.0, "access_status": "Accessible", "response_disrupted": false, "operationally_affected": false }, "geometry": { "type": "Point", "coordinates": [ 36.7985247, -1.3133393 ] } },
{ "type": "Feature", "properties": { "facility_id": "facility_0012", "facility_type": "Hospital", "facility_name": "Frepals Maternity", "network_node": 612008259, "flood_impact": null, "flood_impact_class": "No Data", "physically_affected": false, "reachable": true, "response_time_min": 3.7959470647761662, "route_edges": [ "road_003696", "road_004162", "road_003824", "road_003826", "road_006013", "road_004188", "road_004191", "road_006021", "road_003051", "road_003074", "road_003046", "road_003039", "road_003043", "road_003261", "road_003805", "road_003804" ], "normal_response_time_min": 3.7959470647761662, "normal_reachable": true, "response_delay_min": 0.0, "access_status": "Accessible", "response_disrupted": false, "operationally_affected": false }, "geometry": { "type": "Point", "coordinates": [ 36.7923801, -1.3120224 ] } },
{ "type": "Feature", "properties": { "facility_id": "facility_0013", "facility_type": "Hospital", "facility_name": "Community Royal clinic", "network_node": 612008259, "flood_impact": null, "flood_impact_class": "No Data", "physically_affected": false, "reachable": true, "response_time_min": 3.7959470647761662, "route_edges": [ "road_003696", "road_004162", "road_003824", "road_003826", "road_006013", "road_004188", "road_004191", "road_006021", "road_003051", "road_003074", "road_003046", "road_003039", "road_003043", "road_003261", "road_003805", "road_003804" ], "normal_response_time_min": 3.7959470647761662, "normal_reachable": true, "response_delay_min": 0.0, "access_status": "Accessible", "response_disrupted": false, "operationally_affected": false }, "geometry": { "type": "Point", "coordinates": [ 36.7964847, -1.3138445 ] } },
{ "type": "Feature", "properties": { "facility_id": "facility_0014", "facility_type": "Police Station", "facility_name": "Chief camp", "network_node": 7190713389, "flood_impact": null, "flood_impact_class": "No Data", "physically_affected": false, "reachable": true, "response_time_min": 0.4250742071523137, "route_edges": [ "road_003696", "road_004162", "road_003825" ], "normal_response_time_min": 0.42507420715231375, "normal_reachable": true, "response_delay_min": -5.5511151231257827e-17, "access_status": "Accessible", "response_disrupted": false, "operationally_affected": false }, "geometry": { "type": "Point", "coordinates": [ 36.8051845, -1.3149065 ] } },
{ "type": "Feature", "properties": { "facility_id": "facility_0015", "facility_type": "Hospital", "facility_name": "University Mobile Clinic", "network_node": 9764595295, "flood_impact": 0.35017764362212883, "flood_impact_class": "Low", "physically_affected": false, "reachable": true, "response_time_min": 11.120855963168415, "route_edges": [ "road_003696", "road_004162", "road_003824", "road_003826", "road_006013", "road_004188", "road_004191", "road_006020", "road_003048", "road_003050", "road_003053", "road_000983", "road_000985", "road_004154", "road_003080", "road_003082", "road_003641", "road_005584", "road_005585", "road_005595", "road_004645", "road_004646", "road_005843", "road_005590", "road_000187", "road_000190", "road_000326", "road_000279", "road_000192", "road_000197", "road_000215", "road_004767", "road_000202", "road_000204", "road_000089", "road_000080", "road_000086", "road_000096", "road_000099", "road_003839", "road_003841", "road_006597", "road_003520", "road_000058", "road_000056", "road_000386", "road_001421", "road_001408", "road_001410", "road_000372", "road_000375", "road_000376", "road_000378", "road_001335", "road_001337", "road_000423", "road_000421", "road_000425", "road_001208", "road_001211", "road_004688", "road_001199", "road_001200", "road_004674" ], "normal_response_time_min": 10.324275232577621, "normal_reachable": true, "response_delay_min": 0.79658073059079371, "access_status": "Accessible", "response_disrupted": false, "operationally_affected": false }, "geometry": { "type": "Point", "coordinates": [ 36.8155523, -1.2796122 ] } },
{ "type": "Feature", "properties": { "facility_id": "facility_0016", "facility_type": "Hospital", "facility_name": "Student's Clinic", "network_node": 293108085, "flood_impact": 0.53641661271198016, "flood_impact_class": "Low", "physically_affected": false, "reachable": true, "response_time_min": 7.7531272244999503, "route_edges": [ "road_003696", "road_004162", "road_003824", "road_003826", "road_006013", "road_004188", "road_004191", "road_006020", "road_003048", "road_003050", "road_003053", "road_000983", "road_000985", "road_004154", "road_003080", "road_003082", "road_003641", "road_005584", "road_005585", "road_005595", "road_004645", "road_004646", "road_005843", "road_005590", "road_000187", "road_000190", "road_000326", "road_000279", "road_000192", "road_000197", "road_000215", "road_004767", "road_000202", "road_000204", "road_000089", "road_000080", "road_000086", "road_000096", "road_000099", "road_003839", "road_003841", "road_006597", "road_003520", "road_000057", "road_000025", "road_000054", "road_000066", "road_000069", "road_000643", "road_000646" ], "normal_response_time_min": 7.0226859727256237, "normal_reachable": true, "response_delay_min": 0.73044125177432662, "access_status": "Accessible", "response_disrupted": false, "operationally_affected": false }, "geometry": { "type": "Point", "coordinates": [ 36.8107235, -1.2782734 ] } },
{ "type": "Feature", "properties": { "facility_id": "facility_0017", "facility_type": "Hospital", "facility_name": "Huduma Bora Medics Clinic", "network_node": 1110239841, "flood_impact": null, "flood_impact_class": "No Data", "physically_affected": false, "reachable": true, "response_time_min": 15.09461452858395, "route_edges": [ "road_003696", "road_004162", "road_003824", "road_003826", "road_006013", "road_004188", "road_004191", "road_006020", "road_003048", "road_003050", "road_003053", "road_000983", "road_000985", "road_004154", "road_003080", "road_003082", "road_003641", "road_005584", "road_005585", "road_005595", "road_004645", "road_004646", "road_005843", "road_005590", "road_000187", "road_000190", "road_000326", "road_000279", "road_000192", "road_000197", "road_000215", "road_004767", "road_000202", "road_000204", "road_000089", "road_000080", "road_000086", "road_000096", "road_000099", "road_003839", "road_003841", "road_006597", "road_003520", "road_000058", "road_000056", "road_000386", "road_001421", "road_001409", "road_001411", "road_001412", "road_003650", "road_003653", "road_003661", "road_004175", "road_003782", "road_001897", "road_003544", "road_005835", "road_000979", "road_000980", "road_003546", "road_003549", "road_000892", "road_000850", "road_000853", "road_000890", "road_005993", "road_006011", "road_002952", "road_002953", "road_003746", "road_000736", "road_000737", "road_000739", "road_001517", "road_000794", "road_000796", "road_000791", "road_000792", "road_000801", "road_001501", "road_005523", "road_005526", "road_001533", "road_001531", "road_001527", "road_001529", "road_006162", "road_002128", "road_001524", "road_001525", "road_001513", "road_001516", "road_002081", "road_001661", "road_001664", "road_005024", "road_004731", "road_004730", "road_005019", "road_002243", "road_002242", "road_002250", "road_002322", "road_002510", "road_002508", "road_002492", "road_002483", "road_002491", "road_002504", "road_006088", "road_004663", "road_004036", "road_004033", "road_004027", "road_004025", "road_002294", "road_002293" ], "normal_response_time_min": 12.14997459930462, "normal_reachable": true, "response_delay_min": 2.9446399292793295, "access_status": "Severely Disrupted", "response_disrupted": true, "operationally_affected": true }, "geometry": { "type": "Point", "coordinates": [ 36.8442079, -1.2638847 ] } },
{ "type": "Feature", "properties": { "facility_id": "facility_0018", "facility_type": "Hospital", "facility_name": "Jamko health clinic", "network_node": 2471977785, "flood_impact": 0.73662839928734813, "flood_impact_class": "Very High", "physically_affected": true, "reachable": true, "response_time_min": 7.5596563094671954, "route_edges": [ "road_003696", "road_004162", "road_003824", "road_003826", "road_006013", "road_004188", "road_004191", "road_006021", "road_003051", "road_003075", "road_003071", "road_003058", "road_003057", "road_003064", "road_000134", "road_000132", "road_000137", "road_005542", "road_003283", "road_003276", "road_003281", "road_000111", "road_003294", "road_003292", "road_003296", "road_003528", "road_003525", "road_003530", "road_004824", "road_004825", "road_000318", "road_004792" ], "normal_response_time_min": 4.5960721732591594, "normal_reachable": true, "response_delay_min": 2.963584136208036, "access_status": "Severely Disrupted", "response_disrupted": true, "operationally_affected": true }, "geometry": { "type": "Point", "coordinates": [ 36.7916908, -1.293483 ] } },
{ "type": "Feature", "properties": { "facility_id": "facility_0019", "facility_type": "Fire Station", "facility_name": "Nairobi Fire Station", "network_node": 2491489621, "flood_impact": 0.50978900313046904, "flood_impact_class": "Low", "physically_affected": false, "reachable": true, "response_time_min": 10.342868105087963, "route_edges": [ "road_003696", "road_004162", "road_003824", "road_003826", "road_006013", "road_004188", "road_004191", "road_006020", "road_003048", "road_003050", "road_003053", "road_000983", "road_000985", "road_004154", "road_003080", "road_003082", "road_003641", "road_005584", "road_005585", "road_005595", "road_004645", "road_004646", "road_005843", "road_005590", "road_000187", "road_000190", "road_000326", "road_000279", "road_000192", "road_000197", "road_000215", "road_004767", "road_000202", "road_000204", "road_000089", "road_000080", "road_000086", "road_000096", "road_000099", "road_003839", "road_003841", "road_006597", "road_003520", "road_000058", "road_000056", "road_000386", "road_001421", "road_001409", "road_001411", "road_001412", "road_003650", "road_003653", "road_003661", "road_004175", "road_003782", "road_001897", "road_003544", "road_005835", "road_000979", "road_000980", "road_003546", "road_003549", "road_000892", "road_000850", "road_000853", "road_000890", "road_005993", "road_006012", "road_006146", "road_006165", "road_004966", "road_006145", "road_006148", "road_000911", "road_000919", "road_004765", "road_006291", "road_000937", "road_004197", "road_000928", "road_000923", "road_004302", "road_000959", "road_000870", "road_000864", "road_000784", "road_000783" ], "normal_response_time_min": 8.3892269056332527, "normal_reachable": true, "response_delay_min": 1.9536411994547098, "access_status": "Disrupted", "response_disrupted": true, "operationally_affected": true }, "geometry": { "type": "Point", "coordinates": [ 36.8232414, -1.2817564 ] } },
{ "type": "Feature", "properties": { "facility_id": "facility_0020", "facility_type": "Hospital", "facility_name": "RTI health centre", "network_node": 280773532, "flood_impact": null, "flood_impact_class": "No Data", "physically_affected": false, "reachable": true, "response_time_min": 11.28442207533276, "route_edges": [ "road_003696", "road_004162", "road_003824", "road_003826", "road_006014", "road_006019", "road_006432", "road_005532", "road_004102", "road_003697", "road_003699", "road_003690", "road_003692", "road_000171", "road_000173", "road_005710", "road_005971", "road_001876", "road_001879", "road_000152", "road_000146", "road_000139", "road_000143", "road_001986", "road_001985", "road_001989", "road_005047", "road_005048", "road_001996", "road_001977", "road_001963", "road_001966", "road_001971", "road_001978", "road_001955", "road_001947", "road_001952", "road_004532", "road_001932" ], "normal_response_time_min": 9.9644137557628092, "normal_reachable": true, "response_delay_min": 1.3200083195699506, "access_status": "Disrupted", "response_disrupted": true, "operationally_affected": true }, "geometry": { "type": "Point", "coordinates": [ 36.8420619, -1.3139158 ] } },
{ "type": "Feature", "properties": { "facility_id": "facility_0021", "facility_type": "Clinic", "facility_name": "Unnamed Facility", "network_node": 1801542218, "flood_impact": null, "flood_impact_class": "No Data", "physically_affected": false, "reachable": true, "response_time_min": 10.642596193034747, "route_edges": [ "road_003696", "road_004162", "road_003824", "road_003826", "road_006014", "road_006019", "road_006432", "road_005532", "road_004102", "road_003697", "road_003699", "road_003690", "road_003692", "road_000171", "road_000173", "road_005710", "road_005971", "road_001876", "road_001879", "road_000152", "road_000146", "road_000139", "road_000143", "road_001986", "road_001985", "road_001989", "road_005047", "road_005048", "road_001996", "road_001977", "road_001963", "road_001966", "road_001971", "road_001978", "road_001955", "road_001947", "road_001952", "road_004532" ], "normal_response_time_min": 9.3515136086174309, "normal_reachable": true, "response_delay_min": 1.2910825844173157, "access_status": "Disrupted", "response_disrupted": true, "operationally_affected": true }, "geometry": { "type": "Point", "coordinates": [ 36.8424343, -1.3111864 ] } },
{ "type": "Feature", "properties": { "facility_id": "facility_0022", "facility_type": "Clinic", "facility_name": "Imara Clinic", "network_node": 6365398832, "flood_impact": null, "flood_impact_class": "No Data", "physically_affected": false, "reachable": true, "response_time_min": 11.226004653739064, "route_edges": [ "road_003696", "road_004162", "road_003824", "road_003826", "road_006014", "road_006019", "road_006432", "road_005532", "road_004102", "road_003697", "road_003699", "road_003690", "road_003692", "road_000171", "road_000173", "road_005710", "road_005971", "road_001876", "road_001879", "road_000152", "road_000146", "road_000139", "road_000143", "road_001986", "road_001985", "road_001989", "road_005047", "road_005048", "road_001996", "road_001977", "road_001963", "road_001966", "road_001971", "road_001978", "road_001955", "road_001947", "road_001950" ], "normal_response_time_min": 9.9349220693217486, "normal_reachable": true, "response_delay_min": 1.2910825844173157, "access_status": "Disrupted", "response_disrupted": true, "operationally_affected": true }, "geometry": { "type": "Point", "coordinates": [ 36.8363192, -1.3087127 ] } },
{ "type": "Feature", "properties": { "facility_id": "facility_0023", "facility_type": "Clinic", "facility_name": "Kwa Kioko Clinic", "network_node": 6365398832, "flood_impact": null, "flood_impact_class": "No Data", "physically_affected": false, "reachable": true, "response_time_min": 11.226004653739064, "route_edges": [ "road_003696", "road_004162", "road_003824", "road_003826", "road_006014", "road_006019", "road_006432", "road_005532", "road_004102", "road_003697", "road_003699", "road_003690", "road_003692", "road_000171", "road_000173", "road_005710", "road_005971", "road_001876", "road_001879", "road_000152", "road_000146", "road_000139", "road_000143", "road_001986", "road_001985", "road_001989", "road_005047", "road_005048", "road_001996", "road_001977", "road_001963", "road_001966", "road_001971", "road_001978", "road_001955", "road_001947", "road_001950" ], "normal_response_time_min": 9.9349220693217486, "normal_reachable": true, "response_delay_min": 1.2910825844173157, "access_status": "Disrupted", "response_disrupted": true, "operationally_affected": true }, "geometry": { "type": "Point", "coordinates": [ 36.8370454, -1.3091797 ] } },
{ "type": "Feature", "properties": { "facility_id": "facility_0024", "facility_type": "Clinic", "facility_name": "Mukami's Clinic", "network_node": 6365398832, "flood_impact": null, "flood_impact_class": "No Data", "physically_affected": false, "reachable": true, "response_time_min": 11.226004653739064, "route_edges": [ "road_003696", "road_004162", "road_003824", "road_003826", "road_006014", "road_006019", "road_006432", "road_005532", "road_004102", "road_003697", "road_003699", "road_003690", "road_003692", "road_000171", "road_000173", "road_005710", "road_005971", "road_001876", "road_001879", "road_000152", "road_000146", "road_000139", "road_000143", "road_001986", "road_001985", "road_001989", "road_005047", "road_005048", "road_001996", "road_001977", "road_001963", "road_001966", "road_001971", "road_001978", "road_001955", "road_001947", "road_001950" ], "normal_response_time_min": 9.9349220693217486, "normal_reachable": true, "response_delay_min": 1.2910825844173157, "access_status": "Disrupted", "response_disrupted": true, "operationally_affected": true }, "geometry": { "type": "Point", "coordinates": [ 36.8369739, -1.3091279 ] } },
{ "type": "Feature", "properties": { "facility_id": "facility_0025", "facility_type": "Clinic", "facility_name": "access afya clinic", "network_node": 1801542218, "flood_impact": null, "flood_impact_class": "No Data", "physically_affected": false, "reachable": true, "response_time_min": 10.642596193034747, "route_edges": [ "road_003696", "road_004162", "road_003824", "road_003826", "road_006014", "road_006019", "road_006432", "road_005532", "road_004102", "road_003697", "road_003699", "road_003690", "road_003692", "road_000171", "road_000173", "road_005710", "road_005971", "road_001876", "road_001879", "road_000152", "road_000146", "road_000139", "road_000143", "road_001986", "road_001985", "road_001989", "road_005047", "road_005048", "road_001996", "road_001977", "road_001963", "road_001966", "road_001971", "road_001978", "road_001955", "road_001947", "road_001952", "road_004532" ], "normal_response_time_min": 9.3515136086174309, "normal_reachable": true, "response_delay_min": 1.2910825844173157, "access_status": "Disrupted", "response_disrupted": true, "operationally_affected": true }, "geometry": { "type": "Point", "coordinates": [ 36.842793, -1.3109931 ] } },
{ "type": "Feature", "properties": { "facility_id": "facility_0026", "facility_type": "Clinic", "facility_name": "clinic", "network_node": 1801542218, "flood_impact": null, "flood_impact_class": "No Data", "physically_affected": false, "reachable": true, "response_time_min": 10.642596193034747, "route_edges": [ "road_003696", "road_004162", "road_003824", "road_003826", "road_006014", "road_006019", "road_006432", "road_005532", "road_004102", "road_003697", "road_003699", "road_003690", "road_003692", "road_000171", "road_000173", "road_005710", "road_005971", "road_001876", "road_001879", "road_000152", "road_000146", "road_000139", "road_000143", "road_001986", "road_001985", "road_001989", "road_005047", "road_005048", "road_001996", "road_001977", "road_001963", "road_001966", "road_001971", "road_001978", "road_001955", "road_001947", "road_001952", "road_004532" ], "normal_response_time_min": 9.3515136086174309, "normal_reachable": true, "response_delay_min": 1.2910825844173157, "access_status": "Disrupted", "response_disrupted": true, "operationally_affected": true }, "geometry": { "type": "Point", "coordinates": [ 36.8423509, -1.3111881 ] } },
{ "type": "Feature", "properties": { "facility_id": "facility_0027", "facility_type": "Clinic", "facility_name": "clinic", "network_node": 1801542218, "flood_impact": null, "flood_impact_class": "No Data", "physically_affected": false, "reachable": true, "response_time_min": 10.642596193034747, "route_edges": [ "road_003696", "road_004162", "road_003824", "road_003826", "road_006014", "road_006019", "road_006432", "road_005532", "road_004102", "road_003697", "road_003699", "road_003690", "road_003692", "road_000171", "road_000173", "road_005710", "road_005971", "road_001876", "road_001879", "road_000152", "road_000146", "road_000139", "road_000143", "road_001986", "road_001985", "road_001989", "road_005047", "road_005048", "road_001996", "road_001977", "road_001963", "road_001966", "road_001971", "road_001978", "road_001955", "road_001947", "road_001952", "road_004532" ], "normal_response_time_min": 9.3515136086174309, "normal_reachable": true, "response_delay_min": 1.2910825844173157, "access_status": "Disrupted", "response_disrupted": true, "operationally_affected": true }, "geometry": { "type": "Point", "coordinates": [ 36.842276, -1.311235 ] } },
{ "type": "Feature", "properties": { "facility_id": "facility_0028", "facility_type": "Clinic", "facility_name": "Imara Clinic", "network_node": 1801542218, "flood_impact": null, "flood_impact_class": "No Data", "physically_affected": false, "reachable": true, "response_time_min": 10.642596193034747, "route_edges": [ "road_003696", "road_004162", "road_003824", "road_003826", "road_006014", "road_006019", "road_006432", "road_005532", "road_004102", "road_003697", "road_003699", "road_003690", "road_003692", "road_000171", "road_000173", "road_005710", "road_005971", "road_001876", "road_001879", "road_000152", "road_000146", "road_000139", "road_000143", "road_001986", "road_001985", "road_001989", "road_005047", "road_005048", "road_001996", "road_001977", "road_001963", "road_001966", "road_001971", "road_001978", "road_001955", "road_001947", "road_001952", "road_004532" ], "normal_response_time_min": 9.3515136086174309, "normal_reachable": true, "response_delay_min": 1.2910825844173157, "access_status": "Disrupted", "response_disrupted": true, "operationally_affected": true }, "geometry": { "type": "Point", "coordinates": [ 36.8435124, -1.3124379 ] } },
{ "type": "Feature", "properties": { "facility_id": "facility_0029", "facility_type": "Clinic", "facility_name": "fema medical clinic", "network_node": 6366503015, "flood_impact": null, "flood_impact_class": "No Data", "physically_affected": false, "reachable": false, "route_edges": [ ], "normal_response_time_min": 7.9906307193851172, "normal_reachable": true, "access_status": "No Access", "response_disrupted": true, "operationally_affected": true }, "geometry": { "type": "Point", "coordinates": [ 36.8411628, -1.3080599 ] } },
{ "type": "Feature", "properties": { "facility_id": "facility_0030", "facility_type": "Clinic", "facility_name": "Grace medical clinic", "network_node": 5851340310, "flood_impact": null, "flood_impact_class": "No Data", "physically_affected": false, "reachable": false, "route_edges": [ ], "normal_response_time_min": 9.0227003536018895, "normal_reachable": true, "access_status": "No Access", "response_disrupted": true, "operationally_affected": true }, "geometry": { "type": "Point", "coordinates": [ 36.8475543, -1.3139039 ] } },
{ "type": "Feature", "properties": { "facility_id": "facility_0031", "facility_type": "Clinic", "facility_name": "Seme Medical Clinic", "network_node": 6370011789, "flood_impact": null, "flood_impact_class": "No Data", "physically_affected": false, "reachable": true, "response_time_min": 15.890214657918458, "route_edges": [ "road_003696", "road_004162", "road_003824", "road_003826", "road_006013", "road_004188", "road_004191", "road_006020", "road_003048", "road_003050", "road_003053", "road_000983", "road_000985", "road_004154", "road_003080", "road_003082", "road_003641", "road_005584", "road_005585", "road_005595", "road_004645", "road_004646", "road_005843", "road_005590", "road_000187", "road_000190", "road_000326", "road_000279", "road_000192", "road_000197", "road_000215", "road_004767", "road_000202", "road_000204", "road_000089", "road_000080", "road_000086", "road_000096", "road_000099", "road_003839", "road_003841", "road_006597", "road_003520", "road_000058", "road_000056", "road_000386", "road_001421", "road_001409", "road_001411", "road_001412", "road_003650", "road_003653", "road_003661", "road_004175", "road_003782", "road_001897", "road_003544", "road_005835", "road_000979", "road_000980", "road_003546", "road_003549", "road_000892", "road_000850", "road_000853", "road_000890", "road_005993", "road_006011", "road_002952", "road_002953", "road_003746", "road_000736", "road_000737", "road_000739", "road_001517", "road_000794", "road_000796", "road_000791", "road_000792", "road_000801", "road_001501", "road_005523", "road_005526", "road_001533", "road_001531", "road_001527", "road_001529", "road_006162", "road_002128", "road_001524", "road_001525", "road_001513", "road_001516", "road_002081", "road_001661", "road_001664", "road_005024", "road_004731", "road_004730", "road_005019", "road_002243", "road_002242", "road_002250", "road_002322", "road_002510", "road_002508", "road_002492", "road_002483", "road_002491", "road_002504", "road_006088", "road_004663", "road_004037", "road_006292", "road_003926", "road_002722", "road_002713", "road_002719", "road_002771", "road_002776", "road_005719", "road_005722", "road_005306", "road_002761", "road_002758", "road_002764", "road_003992" ], "normal_response_time_min": 12.469903111359772, "normal_reachable": true, "response_delay_min": 3.4203115465586862, "access_status": "Severely Disrupted", "response_disrupted": true, "operationally_affected": true }, "geometry": { "type": "Point", "coordinates": [ 36.8494006, -1.2631862 ] } },
{ "type": "Feature", "properties": { "facility_id": "facility_0032", "facility_type": "Clinic", "facility_name": "AAR Williamsom Health Centre", "network_node": 6164193763, "flood_impact": 0.44002126448666173, "flood_impact_class": "Low", "physically_affected": false, "reachable": true, "response_time_min": 3.9798602448090645, "route_edges": [ "road_003696", "road_004162", "road_003824", "road_003826", "road_006013", "road_004188", "road_004191", "road_006020", "road_003048", "road_003050", "road_003053", "road_000983", "road_000985", "road_004154", "road_003080", "road_003082", "road_003641", "road_005584", "road_005585", "road_005595", "road_004645", "road_004646", "road_005843", "road_005590", "road_000187", "road_000190" ], "normal_response_time_min": 3.6283643528184011, "normal_reachable": true, "response_delay_min": 0.35149589199066344, "access_status": "Accessible", "response_disrupted": false, "operationally_affected": false }, "geometry": { "type": "Point", "coordinates": [ 36.809344, -1.2946543 ] } },
{ "type": "Feature", "properties": { "facility_id": "facility_0033", "facility_type": "Clinic", "facility_name": "Mt. Kenya Chemist and Clinic", "network_node": 612008259, "flood_impact": null, "flood_impact_class": "No Data", "physically_affected": false, "reachable": true, "response_time_min": 3.7959470647761662, "route_edges": [ "road_003696", "road_004162", "road_003824", "road_003826", "road_006013", "road_004188", "road_004191", "road_006021", "road_003051", "road_003074", "road_003046", "road_003039", "road_003043", "road_003261", "road_003805", "road_003804" ], "normal_response_time_min": 3.7959470647761662, "normal_reachable": true, "response_delay_min": 0.0, "access_status": "Accessible", "response_disrupted": false, "operationally_affected": false }, "geometry": { "type": "Point", "coordinates": [ 36.7900521, -1.313316 ] } },
{ "type": "Feature", "properties": { "facility_id": "facility_0034", "facility_type": "Clinic", "facility_name": "FHOK- Family Care Medical Centre", "network_node": 612008259, "flood_impact": null, "flood_impact_class": "No Data", "physically_affected": false, "reachable": true, "response_time_min": 3.7959470647761662, "route_edges": [ "road_003696", "road_004162", "road_003824", "road_003826", "road_006013", "road_004188", "road_004191", "road_006021", "road_003051", "road_003074", "road_003046", "road_003039", "road_003043", "road_003261", "road_003805", "road_003804" ], "normal_response_time_min": 3.7959470647761662, "normal_reachable": true, "response_delay_min": 0.0, "access_status": "Accessible", "response_disrupted": false, "operationally_affected": false }, "geometry": { "type": "Point", "coordinates": [ 36.7939863, -1.3120923 ] } },
{ "type": "Feature", "properties": { "facility_id": "facility_0035", "facility_type": "Clinic", "facility_name": "Vital Solution Elevation Clinic", "network_node": 612008259, "flood_impact": null, "flood_impact_class": "No Data", "physically_affected": false, "reachable": true, "response_time_min": 3.7959470647761662, "route_edges": [ "road_003696", "road_004162", "road_003824", "road_003826", "road_006013", "road_004188", "road_004191", "road_006021", "road_003051", "road_003074", "road_003046", "road_003039", "road_003043", "road_003261", "road_003805", "road_003804" ], "normal_response_time_min": 3.7959470647761662, "normal_reachable": true, "response_delay_min": 0.0, "access_status": "Accessible", "response_disrupted": false, "operationally_affected": false }, "geometry": { "type": "Point", "coordinates": [ 36.7952721, -1.3132486 ] } },
{ "type": "Feature", "properties": { "facility_id": "facility_0036", "facility_type": "Clinic", "facility_name": "Herbal Clinic", "network_node": 489246621, "flood_impact": null, "flood_impact_class": "No Data", "physically_affected": false, "reachable": true, "response_time_min": 4.443770608894356, "route_edges": [ "road_003696", "road_004162", "road_003824", "road_003826", "road_006013", "road_004188", "road_004191", "road_006021", "road_003051", "road_003074", "road_003046", "road_003039", "road_003043", "road_003259", "road_003258", "road_003263" ], "normal_response_time_min": 4.0308366017705355, "normal_reachable": true, "response_delay_min": 0.41293400712382056, "access_status": "Accessible", "response_disrupted": false, "operationally_affected": false }, "geometry": { "type": "Point", "coordinates": [ 36.7943161, -1.3113933 ] } },
{ "type": "Feature", "properties": { "facility_id": "facility_0037", "facility_type": "Police Station", "facility_name": "NYS Community Police Post", "network_node": 612008259, "flood_impact": null, "flood_impact_class": "No Data", "physically_affected": false, "reachable": true, "response_time_min": 3.7959470647761662, "route_edges": [ "road_003696", "road_004162", "road_003824", "road_003826", "road_006013", "road_004188", "road_004191", "road_006021", "road_003051", "road_003074", "road_003046", "road_003039", "road_003043", "road_003261", "road_003805", "road_003804" ], "normal_response_time_min": 3.7959470647761662, "normal_reachable": true, "response_delay_min": 0.0, "access_status": "Accessible", "response_disrupted": false, "operationally_affected": false }, "geometry": { "type": "Point", "coordinates": [ 36.7958354, -1.3116978 ] } },
{ "type": "Feature", "properties": { "facility_id": "facility_0038", "facility_type": "Police Station", "facility_name": "Uhuru Camp", "network_node": 2472058105, "flood_impact": null, "flood_impact_class": "No Data", "physically_affected": false, "reachable": false, "route_edges": [ ], "normal_response_time_min": 2.172045777922293, "normal_reachable": true, "access_status": "No Access", "response_disrupted": true, "operationally_affected": true }, "geometry": { "type": "Point", "coordinates": [ 36.8116386, -1.3130876 ] } },
{ "type": "Feature", "properties": { "facility_id": "facility_0039", "facility_type": "Clinic", "facility_name": "Dr Harun A. Otieno FACC", "network_node": 6361714560, "flood_impact": 0.58518715927531528, "flood_impact_class": "Moderate", "physically_affected": true, "reachable": true, "response_time_min": 11.899053433109161, "route_edges": [ "road_003696", "road_004162", "road_003824", "road_003826", "road_006013", "road_004188", "road_004191", "road_006020", "road_003048", "road_003050", "road_003053", "road_000983", "road_000985", "road_004154", "road_003080", "road_003082", "road_003641", "road_005584", "road_005585", "road_005595", "road_004645", "road_004646", "road_005843", "road_005590", "road_000187", "road_000190", "road_000326", "road_000279", "road_000192", "road_000197", "road_000215", "road_004767", "road_000202", "road_000204", "road_000089", "road_000080", "road_000086", "road_000096", "road_000099", "road_003839", "road_003841", "road_006597", "road_003520", "road_000058", "road_000056", "road_000386", "road_001421", "road_001408", "road_001410", "road_000372", "road_000375", "road_000376", "road_000378", "road_001335", "road_001337", "road_000424", "road_001194", "road_004609", "road_001785", "road_002923", "road_006076", "road_006077", "road_004604", "road_004736", "road_001290", "road_005788" ], "normal_response_time_min": 10.311956365065189, "normal_reachable": true, "response_delay_min": 1.5870970680439722, "access_status": "Disrupted", "response_disrupted": true, "operationally_affected": true }, "geometry": { "type": "Point", "coordinates": [ 36.8249575, -1.2625569 ] } },
{ "type": "Feature", "properties": { "facility_id": "facility_0040", "facility_type": "Hospital", "facility_name": "The Aga Khan Medical Centre Tmall", "network_node": 6371398615, "flood_impact": null, "flood_impact_class": "No Data", "physically_affected": false, "reachable": false, "route_edges": [ ], "normal_response_time_min": 4.7697343466750288, "normal_reachable": true, "access_status": "No Access", "response_disrupted": true, "operationally_affected": true }, "geometry": { "type": "Point", "coordinates": [ 36.8168874, -1.3121609 ] } },
{ "type": "Feature", "properties": { "facility_id": "facility_0041", "facility_type": "Clinic", "facility_name": "Mediplan Clinic Ltd Health Care Consultants", "network_node": 6164233222, "flood_impact": 0.51379121537063288, "flood_impact_class": "Low", "physically_affected": false, "reachable": true, "response_time_min": 7.4413840720651541, "route_edges": [ "road_003696", "road_004162", "road_003824", "road_003826", "road_006013", "road_004188", "road_004191", "road_006020", "road_003048", "road_003050", "road_003053", "road_000983", "road_000985", "road_004154", "road_003080", "road_003082", "road_003641", "road_005584", "road_005585", "road_005595", "road_004645", "road_004646", "road_005843", "road_005590", "road_000187", "road_000190", "road_000326", "road_000279", "road_000192", "road_000197", "road_000216", "road_004769", "road_000255", "road_000249", "road_000252", "road_000262", "road_000264", "road_005702", "road_000268", "road_006700", "road_006384", "road_006383", "road_002996", "road_002998", "road_002991", "road_002989" ], "normal_response_time_min": 5.1266435638508696, "normal_reachable": true, "response_delay_min": 2.3147405082142845, "access_status": "Severely Disrupted", "response_disrupted": true, "operationally_affected": true }, "geometry": { "type": "Point", "coordinates": [ 36.8224486, -1.3001978 ] } },
{ "type": "Feature", "properties": { "facility_id": "facility_0042", "facility_type": "Police Station", "facility_name": "Capitol Hill police station", "network_node": 30201048, "flood_impact": 0.57699499792823561, "flood_impact_class": "Moderate", "physically_affected": true, "reachable": true, "response_time_min": 4.7485727367039301, "route_edges": [ "road_003696", "road_004162", "road_003824", "road_003826", "road_006013", "road_004188", "road_004191", "road_006020", "road_003048", "road_003050", "road_003053", "road_000983", "road_000985", "road_004154", "road_003080", "road_003082", "road_003641", "road_005584", "road_005585", "road_005595", "road_004645", "road_004646", "road_005843", "road_005590", "road_000187", "road_000190", "road_000326", "road_000279", "road_000192", "road_000197", "road_000216", "road_004769", "road_000255", "road_000248", "road_000251" ], "normal_response_time_min": 4.3970768447132675, "normal_reachable": true, "response_delay_min": 0.35149589199066256, "access_status": "Accessible", "response_disrupted": false, "operationally_affected": true }, "geometry": { "type": "Point", "coordinates": [ 36.8126728, -1.2958293 ] } },
{ "type": "Feature", "properties": { "facility_id": "facility_0043", "facility_type": "Clinic", "facility_name": "Kigen Bartilol", "network_node": 30201046, "flood_impact": 0.45136401162912948, "flood_impact_class": "Low", "physically_affected": false, "reachable": true, "response_time_min": 4.5515806842781945, "route_edges": [ "road_003696", "road_004162", "road_003824", "road_003826", "road_006013", "road_004188", "road_004191", "road_006020", "road_003048", "road_003050", "road_003053", "road_000983", "road_000985", "road_004154", "road_003080", "road_003082", "road_003641", "road_005584", "road_005585", "road_005595", "road_004645", "road_004646", "road_005843", "road_005590", "road_000187", "road_000190", "road_000326", "road_000279", "road_000192", "road_000197", "road_000216", "road_004769" ], "normal_response_time_min": 4.200084792287532, "normal_reachable": true, "response_delay_min": 0.35149589199066256, "access_status": "Accessible", "response_disrupted": false, "operationally_affected": false }, "geometry": { "type": "Point", "coordinates": [ 36.8124954, -1.2945593 ] } },
{ "type": "Feature", "properties": { "facility_id": "facility_0044", "facility_type": "Clinic", "facility_name": "Pathway International", "network_node": 6367499940, "flood_impact": 0.64631860817644982, "flood_impact_class": "High", "physically_affected": true, "reachable": true, "response_time_min": 4.8427233095007178, "route_edges": [ "road_003696", "road_004162", "road_003824", "road_003826", "road_006013", "road_004188", "road_004191", "road_006020", "road_003048", "road_003050", "road_003053", "road_000983", "road_000985", "road_004154", "road_003080", "road_003082", "road_003641", "road_005584", "road_005585", "road_005595", "road_004645", "road_004646", "road_005843", "road_005590", "road_000187", "road_000189", "road_005597", "road_005598", "road_005619", "road_004134" ], "normal_response_time_min": 4.4912274175100544, "normal_reachable": true, "response_delay_min": 0.35149589199066344, "access_status": "Accessible", "response_disrupted": false, "operationally_affected": true }, "geometry": { "type": "Point", "coordinates": [ 36.8113444, -1.2984412 ] } },
{ "type": "Feature", "properties": { "facility_id": "facility_0045", "facility_type": "Clinic", "facility_name": "German Medical Center", "network_node": 6367499940, "flood_impact": 0.64631860817644982, "flood_impact_class": "High", "physically_affected": true, "reachable": true, "response_time_min": 4.8427233095007178, "route_edges": [ "road_003696", "road_004162", "road_003824", "road_003826", "road_006013", "road_004188", "road_004191", "road_006020", "road_003048", "road_003050", "road_003053", "road_000983", "road_000985", "road_004154", "road_003080", "road_003082", "road_003641", "road_005584", "road_005585", "road_005595", "road_004645", "road_004646", "road_005843", "road_005590", "road_000187", "road_000189", "road_005597", "road_005598", "road_005619", "road_004134" ], "normal_response_time_min": 4.4912274175100544, "normal_reachable": true, "response_delay_min": 0.35149589199066344, "access_status": "Accessible", "response_disrupted": false, "operationally_affected": true }, "geometry": { "type": "Point", "coordinates": [ 36.8111229, -1.2984254 ] } },
{ "type": "Feature", "properties": { "facility_id": "facility_0046", "facility_type": "Clinic", "facility_name": "Gilead Medical Centre", "network_node": 652729914, "flood_impact": 0.53306783676583114, "flood_impact_class": "Low", "physically_affected": false, "reachable": true, "response_time_min": 5.5292559524437772, "route_edges": [ "road_003696", "road_004162", "road_003824", "road_003826", "road_006013", "road_004188", "road_004191", "road_006020", "road_003048", "road_003050", "road_003053", "road_000983", "road_000985", "road_004154", "road_003080", "road_003082", "road_003641", "road_005584", "road_005585", "road_005595", "road_004645", "road_004646", "road_005843", "road_005590", "road_000187", "road_000190", "road_000326", "road_000279", "road_000192", "road_000197", "road_000215", "road_004767", "road_000202", "road_000204", "road_000089", "road_000080", "road_000086", "road_000096", "road_000099" ], "normal_response_time_min": 4.878294914258233, "normal_reachable": true, "response_delay_min": 0.65096103818554418, "access_status": "Accessible", "response_disrupted": false, "operationally_affected": false }, "geometry": { "type": "Point", "coordinates": [ 36.8115943, -1.2899138 ] } },
{ "type": "Feature", "properties": { "facility_id": "facility_0047", "facility_type": "Clinic", "facility_name": "AAR Healthcare Williamson Outpatient Centre", "network_node": 6164193763, "flood_impact": 0.50663075619911646, "flood_impact_class": "Low", "physically_affected": false, "reachable": true, "response_time_min": 3.9798602448090645, "route_edges": [ "road_003696", "road_004162", "road_003824", "road_003826", "road_006013", "road_004188", "road_004191", "road_006020", "road_003048", "road_003050", "road_003053", "road_000983", "road_000985", "road_004154", "road_003080", "road_003082", "road_003641", "road_005584", "road_005585", "road_005595", "road_004645", "road_004646", "road_005843", "road_005590", "road_000187", "road_000190" ], "normal_response_time_min": 3.6283643528184011, "normal_reachable": true, "response_delay_min": 0.35149589199066344, "access_status": "Accessible", "response_disrupted": false, "operationally_affected": false }, "geometry": { "type": "Point", "coordinates": [ 36.8091171, -1.2944572 ] } },
{ "type": "Feature", "properties": { "facility_id": "facility_0048", "facility_type": "Clinic", "facility_name": "Precise Diagnostic Imaging", "network_node": 30118806, "flood_impact": 0.45248699583186097, "flood_impact_class": "Low", "physically_affected": false, "reachable": true, "response_time_min": 3.8355769165620677, "route_edges": [ "road_003696", "road_004162", "road_003824", "road_003826", "road_006013", "road_004188", "road_004191", "road_006020", "road_003048", "road_003050", "road_003053", "road_000983", "road_000985", "road_004154", "road_003080", "road_003082", "road_003641", "road_005584", "road_005585", "road_005595", "road_004645", "road_004646", "road_005843", "road_005590" ], "normal_response_time_min": 3.4840810245714042, "normal_reachable": true, "response_delay_min": 0.35149589199066344, "access_status": "Accessible", "response_disrupted": false, "operationally_affected": false }, "geometry": { "type": "Point", "coordinates": [ 36.8081549, -1.2957148 ] } },
{ "type": "Feature", "properties": { "facility_id": "facility_0049", "facility_type": "Clinic", "facility_name": "IncusEar Hearing and E.N.T Centre", "network_node": 30118806, "flood_impact": 0.39502788620764911, "flood_impact_class": "Low", "physically_affected": false, "reachable": true, "response_time_min": 3.8355769165620677, "route_edges": [ "road_003696", "road_004162", "road_003824", "road_003826", "road_006013", "road_004188", "road_004191", "road_006020", "road_003048", "road_003050", "road_003053", "road_000983", "road_000985", "road_004154", "road_003080", "road_003082", "road_003641", "road_005584", "road_005585", "road_005595", "road_004645", "road_004646", "road_005843", "road_005590" ], "normal_response_time_min": 3.4840810245714042, "normal_reachable": true, "response_delay_min": 0.35149589199066344, "access_status": "Accessible", "response_disrupted": false, "operationally_affected": false }, "geometry": { "type": "Point", "coordinates": [ 36.8082667, -1.2959296 ] } },
{ "type": "Feature", "properties": { "facility_id": "facility_0050", "facility_type": "Clinic", "facility_name": "Prof Josephat A O Mulimba", "network_node": 6330660326, "flood_impact": 0.40457809617467433, "flood_impact_class": "Low", "physically_affected": false, "reachable": true, "response_time_min": 3.6206248769222729, "route_edges": [ "road_003696", "road_004162", "road_003824", "road_003826", "road_006013", "road_004188", "road_004191", "road_006020", "road_003048", "road_003050", "road_003053", "road_000983", "road_000985", "road_004154", "road_003080", "road_003082", "road_003641", "road_005584", "road_005585", "road_005595", "road_004645", "road_004647", "road_005837", "road_005838", "road_004161", "road_005845" ], "normal_response_time_min": 3.6206248769222729, "normal_reachable": true, "response_delay_min": 0.0, "access_status": "Accessible", "response_disrupted": false, "operationally_affected": false }, "geometry": { "type": "Point", "coordinates": [ 36.8065013, -1.2946882 ] } },
{ "type": "Feature", "properties": { "facility_id": "facility_0051", "facility_type": "Clinic", "facility_name": "Laser Stone & Endoscopy Centre", "network_node": 6330660326, "flood_impact": 0.40457809617467433, "flood_impact_class": "Low", "physically_affected": false, "reachable": true, "response_time_min": 3.6206248769222729, "route_edges": [ "road_003696", "road_004162", "road_003824", "road_003826", "road_006013", "road_004188", "road_004191", "road_006020", "road_003048", "road_003050", "road_003053", "road_000983", "road_000985", "road_004154", "road_003080", "road_003082", "road_003641", "road_005584", "road_005585", "road_005595", "road_004645", "road_004647", "road_005837", "road_005838", "road_004161", "road_005845" ], "normal_response_time_min": 3.6206248769222729, "normal_reachable": true, "response_delay_min": 0.0, "access_status": "Accessible", "response_disrupted": false, "operationally_affected": false }, "geometry": { "type": "Point", "coordinates": [ 36.8066523, -1.2945712 ] } },
{ "type": "Feature", "properties": { "facility_id": "facility_0052", "facility_type": "Police Station", "facility_name": "Kenyatta Hospital Police Post", "network_node": 7687729401, "flood_impact": 0.57798138624243001, "flood_impact_class": "Moderate", "physically_affected": true, "reachable": true, "response_time_min": 5.1254850526784406, "route_edges": [ "road_003696", "road_004162", "road_003824", "road_003826", "road_006013", "road_004188", "road_004191", "road_006020", "road_003048", "road_003050", "road_003054", "road_005593", "road_004894", "road_005725", "road_005829", "road_006437", "road_006471", "road_005200", "road_005196", "road_003241", "road_003246" ], "normal_response_time_min": 5.1254850526784406, "normal_reachable": true, "response_delay_min": 0.0, "access_status": "Accessible", "response_disrupted": false, "operationally_affected": true }, "geometry": { "type": "Point", "coordinates": [ 36.8061368, -1.3034883 ] } },
{ "type": "Feature", "properties": { "facility_id": "facility_0053", "facility_type": "Clinic", "facility_name": "Comprehensive Care Centre", "network_node": 3029571450, "flood_impact": 0.58105399648439449, "flood_impact_class": "Moderate", "physically_affected": true, "reachable": true, "response_time_min": 5.4428654455155421, "route_edges": [ "road_003696", "road_004162", "road_003824", "road_003826", "road_006013", "road_004188", "road_004191", "road_006020", "road_003048", "road_003050", "road_003054", "road_005593", "road_004894", "road_005725", "road_005829", "road_006437", "road_006471", "road_005200", "road_005196", "road_003241", "road_003247", "road_004998", "road_005001", "road_005004", "road_005011" ], "normal_response_time_min": 5.4428654455155421, "normal_reachable": true, "response_delay_min": 0.0, "access_status": "Accessible", "response_disrupted": false, "operationally_affected": true }, "geometry": { "type": "Point", "coordinates": [ 36.8083045, -1.3035206 ] } },
{ "type": "Feature", "properties": { "facility_id": "facility_0054", "facility_type": "Clinic", "facility_name": "Careville Wellness Centre", "network_node": 5783232067, "flood_impact": 0.41935790589087424, "flood_impact_class": "Low", "physically_affected": false, "reachable": true, "response_time_min": 5.2545972094999591, "route_edges": [ "road_003696", "road_004162", "road_003824", "road_003826", "road_006013", "road_004188", "road_004191", "road_006021", "road_003051", "road_003075", "road_003071", "road_003058", "road_003057", "road_003064", "road_000134", "road_000132", "road_000137", "road_005542", "road_003284", "road_005544" ], "normal_response_time_min": 3.5621980607706272, "normal_reachable": true, "response_delay_min": 1.6923991487293319, "access_status": "Disrupted", "response_disrupted": true, "operationally_affected": true }, "geometry": { "type": "Point", "coordinates": [ 36.799752, -1.2989618 ] } },
{ "type": "Feature", "properties": { "facility_id": "facility_0055", "facility_type": "Clinic", "facility_name": "Taiba", "network_node": 6370271688, "flood_impact": 0.58927771083303659, "flood_impact_class": "Moderate", "physically_affected": true, "reachable": true, "response_time_min": 13.141926422036565, "route_edges": [ "road_003696", "road_004162", "road_003824", "road_003826", "road_006013", "road_004188", "road_004191", "road_006020", "road_003048", "road_003050", "road_003053", "road_000983", "road_000985", "road_004154", "road_003080", "road_003082", "road_003641", "road_005584", "road_005585", "road_005595", "road_004645", "road_004646", "road_005843", "road_005590", "road_000187", "road_000190", "road_000326", "road_000279", "road_000192", "road_000197", "road_000215", "road_004767", "road_000202", "road_000204", "road_000089", "road_000080", "road_000086", "road_000096", "road_000099", "road_003839", "road_003841", "road_006597", "road_003520", "road_000058", "road_000056", "road_000386", "road_001421", "road_001409", "road_001411", "road_001412", "road_003650", "road_003653", "road_003661", "road_004175", "road_003782", "road_001897", "road_003544", "road_005835", "road_000979", "road_000980", "road_003546", "road_003549", "road_000892", "road_000850", "road_000853", "road_000890", "road_005993", "road_006011", "road_002952", "road_002953", "road_003746", "road_000736", "road_000737", "road_000739", "road_001517", "road_000794", "road_000796", "road_000791", "road_000792", "road_000801", "road_001501", "road_005523", "road_005526", "road_001533", "road_001531", "road_001527", "road_001529", "road_006162", "road_002128", "road_001524", "road_001525", "road_001513", "road_001515", "road_003900", "road_003893", "road_003897", "road_002076", "road_002070", "road_002072", "road_004413", "road_004406", "road_004409", "road_004420", "road_004424" ], "normal_response_time_min": 9.9102677510006139, "normal_reachable": true, "response_delay_min": 3.2316586710359516, "access_status": "Severely Disrupted", "response_disrupted": true, "operationally_affected": true }, "geometry": { "type": "Point", "coordinates": [ 36.8308818, -1.2757375 ] } },
{ "type": "Feature", "properties": { "facility_id": "facility_0056", "facility_type": "Police Station", "facility_name": "Shauri Moyo Police Station", "network_node": 7843833382, "flood_impact": null, "flood_impact_class": "No Data", "physically_affected": false, "reachable": true, "response_time_min": 14.7026017138396, "route_edges": [ "road_003696", "road_004162", "road_003824", "road_003826", "road_006013", "road_004188", "road_004191", "road_006020", "road_003048", "road_003050", "road_003053", "road_000983", "road_000985", "road_004154", "road_003080", "road_003082", "road_003641", "road_005584", "road_005585", "road_005595", "road_004645", "road_004646", "road_005843", "road_005590", "road_000187", "road_000190", "road_000326", "road_000279", "road_000192", "road_000197", "road_000215", "road_004767", "road_000202", "road_000204", "road_000089", "road_000080", "road_000086", "road_000096", "road_000099", "road_003839", "road_003841", "road_006597", "road_003520", "road_000058", "road_000056", "road_000386", "road_001421", "road_001409", "road_001411", "road_001412", "road_003650", "road_003653", "road_003661", "road_004175", "road_003782", "road_001897", "road_003544", "road_005835", "road_000979", "road_000980", "road_003546", "road_003549", "road_000892", "road_000850", "road_000853", "road_000890", "road_005993", "road_006011", "road_002952", "road_002953", "road_003746", "road_000736", "road_000737", "road_000739", "road_001517", "road_000794", "road_000796", "road_000791", "road_000792", "road_000801", "road_001501", "road_005523", "road_005526", "road_001533", "road_001531", "road_001528", "road_000834", "road_000835", "road_001480", "road_001483", "road_006303", "road_001543", "road_001490", "road_000804", "road_000808", "road_001492", "road_005805", "road_001478", "road_001476", "road_001495", "road_000990", "road_001001", "road_001006", "road_005505", "road_001567", "road_001552" ], "normal_response_time_min": 9.3084651061015453, "normal_reachable": true, "response_delay_min": 5.394136607738055, "access_status": "Severely Disrupted", "response_disrupted": true, "operationally_affected": true }, "geometry": { "type": "Point", "coordinates": [ 36.8462133, -1.2904733 ] } },
{ "type": "Feature", "properties": { "facility_id": "facility_0057", "facility_type": "Clinic", "facility_name": "Nairobi Outpatient Centre Ltd", "network_node": 1164614479, "flood_impact": 0.53697893148718878, "flood_impact_class": "Moderate", "physically_affected": true, "reachable": true, "response_time_min": 7.7169828546867931, "route_edges": [ "road_003696", "road_004162", "road_003824", "road_003826", "road_006013", "road_004188", "road_004191", "road_006020", "road_003048", "road_003050", "road_003053", "road_000983", "road_000985", "road_004154", "road_003080", "road_003082", "road_003641", "road_005584", "road_005585", "road_005595", "road_004645", "road_004646", "road_005843", "road_005590", "road_000187", "road_000190", "road_000326", "road_000279", "road_000192", "road_000197", "road_000215", "road_004767", "road_000202", "road_000204", "road_000089", "road_000080", "road_000086", "road_000096", "road_000099", "road_003839", "road_003841", "road_006597", "road_003520", "road_000058", "road_000056", "road_000386", "road_001421", "road_001409", "road_001411", "road_001412", "road_003652", "road_003648", "road_002434", "road_003643", "road_002427", "road_002423", "road_001922", "road_003666", "road_003671", "road_003759", "road_003679" ], "normal_response_time_min": 6.9865416029124665, "normal_reachable": true, "response_delay_min": 0.73044125177432662, "access_status": "Accessible", "response_disrupted": false, "operationally_affected": true }, "geometry": { "type": "Point", "coordinates": [ 36.8187332, -1.2804367 ] } },
{ "type": "Feature", "properties": { "facility_id": "facility_0058", "facility_type": "Clinic", "facility_name": "The Aga Khan University Hospital", "network_node": 6369513613, "flood_impact": 0.56109646975880667, "flood_impact_class": "Moderate", "physically_affected": true, "reachable": true, "response_time_min": 7.3493238561953973, "route_edges": [ "road_003696", "road_004162", "road_003824", "road_003826", "road_006013", "road_004188", "road_004191", "road_006020", "road_003048", "road_003050", "road_003053", "road_000983", "road_000985", "road_004154", "road_003080", "road_003082", "road_003641", "road_005584", "road_005585", "road_005595", "road_004645", "road_004646", "road_005843", "road_005590", "road_000187", "road_000190", "road_000326", "road_000279", "road_000192", "road_000197", "road_000215", "road_004767", "road_000202", "road_000204", "road_000089", "road_000080", "road_000086", "road_000096", "road_000099", "road_003839", "road_003841", "road_006597", "road_003520", "road_000058", "road_000056", "road_000386", "road_001421", "road_001409", "road_001411", "road_001412", "road_003650", "road_003653", "road_003661", "road_004175", "road_003781", "road_000347", "road_000350", "road_003731" ], "normal_response_time_min": 6.6188826044210707, "normal_reachable": true, "response_delay_min": 0.73044125177432662, "access_status": "Accessible", "response_disrupted": false, "operationally_affected": true }, "geometry": { "type": "Point", "coordinates": [ 36.8220131, -1.285773 ] } },
{ "type": "Feature", "properties": { "facility_id": "facility_0059", "facility_type": "Clinic", "facility_name": "Karen Hospital Clinic", "network_node": 6807551638, "flood_impact": 0.71672966719416387, "flood_impact_class": "Very High", "physically_affected": true, "reachable": true, "response_time_min": 7.3355301467821725, "route_edges": [ "road_003696", "road_004162", "road_003824", "road_003826", "road_006013", "road_004188", "road_004191", "road_006020", "road_003048", "road_003050", "road_003053", "road_000983", "road_000985", "road_004154", "road_003080", "road_003082", "road_003641", "road_005584", "road_005585", "road_005595", "road_004645", "road_004646", "road_005843", "road_005590", "road_000187", "road_000190", "road_000326", "road_000279", "road_000192", "road_000197", "road_000215", "road_004767", "road_000202", "road_000204", "road_000089", "road_000080", "road_000086", "road_000096", "road_000099", "road_003839", "road_003841", "road_006597", "road_003520", "road_000058", "road_000056", "road_000386", "road_001421", "road_001409", "road_001411", "road_001412", "road_003652", "road_003648", "road_002434", "road_003643", "road_002428", "road_003645" ], "normal_response_time_min": 6.6050888950078459, "normal_reachable": true, "response_delay_min": 0.73044125177432662, "access_status": "Accessible", "response_disrupted": false, "operationally_affected": true }, "geometry": { "type": "Point", "coordinates": [ 36.8178456, -1.2838554 ] } },
{ "type": "Feature", "properties": { "facility_id": "facility_0060", "facility_type": "Clinic", "facility_name": "Mater Hospital", "network_node": 6370771347, "flood_impact": 0.65231228485025539, "flood_impact_class": "High", "physically_affected": true, "reachable": true, "response_time_min": 8.7216617633816558, "route_edges": [ "road_003696", "road_004162", "road_003824", "road_003826", "road_006013", "road_004188", "road_004191", "road_006020", "road_003048", "road_003050", "road_003053", "road_000983", "road_000985", "road_004154", "road_003080", "road_003082", "road_003641", "road_005584", "road_005585", "road_005595", "road_004645", "road_004646", "road_005843", "road_005590", "road_000187", "road_000190", "road_000326", "road_000279", "road_000192", "road_000197", "road_000215", "road_004767", "road_000202", "road_000204", "road_000089", "road_000080", "road_000086", "road_000096", "road_000099", "road_003839", "road_003841", "road_006597", "road_003520", "road_000058", "road_000056", "road_000386", "road_001421", "road_001409", "road_001411", "road_001412", "road_003650", "road_003653", "road_003661", "road_004175", "road_003782", "road_001897", "road_003544", "road_005835", "road_000979", "road_000980", "road_003546", "road_003549", "road_000892", "road_000850", "road_000853", "road_000890", "road_005993", "road_006012", "road_006146" ], "normal_response_time_min": 6.8376280876312254, "normal_reachable": true, "response_delay_min": 1.8840336757504303, "access_status": "Disrupted", "response_disrupted": true, "operationally_affected": true }, "geometry": { "type": "Point", "coordinates": [ 36.8272955, -1.2879739 ] } },
{ "type": "Feature", "properties": { "facility_id": "facility_0061", "facility_type": "Clinic", "facility_name": "Ngaira Health Centre", "network_node": 1406321548, "flood_impact": 0.60865971548625397, "flood_impact_class": "High", "physically_affected": true, "reachable": true, "response_time_min": 12.547243851856082, "route_edges": [ "road_003696", "road_004162", "road_003824", "road_003826", "road_006013", "road_004188", "road_004191", "road_006020", "road_003048", "road_003050", "road_003053", "road_000983", "road_000985", "road_004154", "road_003080", "road_003082", "road_003641", "road_005584", "road_005585", "road_005595", "road_004645", "road_004646", "road_005843", "road_005590", "road_000187", "road_000190", "road_000326", "road_000279", "road_000192", "road_000197", "road_000215", "road_004767", "road_000202", "road_000204", "road_000089", "road_000080", "road_000086", "road_000096", "road_000099", "road_003839", "road_003841", "road_006597", "road_003520", "road_000058", "road_000056", "road_000386", "road_001421", "road_001409", "road_001411", "road_001412", "road_003650", "road_003653", "road_003661", "road_004175", "road_003782", "road_001897", "road_003544", "road_005835", "road_000979", "road_000980", "road_003546", "road_003549", "road_000892", "road_000850", "road_000853", "road_000890", "road_005993", "road_006011", "road_002952", "road_002953", "road_003746", "road_000736", "road_000737", "road_000739", "road_001517", "road_000794", "road_000796", "road_000791", "road_000792", "road_000801", "road_001501", "road_005523", "road_005526", "road_001533", "road_001531", "road_001527", "road_001529", "road_006162", "road_002128", "road_001524", "road_001525", "road_001513", "road_001515", "road_003900", "road_003893", "road_003897", "road_002076", "road_002070", "road_002072", "road_004413" ], "normal_response_time_min": 9.7359599228234561, "normal_reachable": true, "response_delay_min": 2.8112839290326264, "access_status": "Severely Disrupted", "response_disrupted": true, "operationally_affected": true }, "geometry": { "type": "Point", "coordinates": [ 36.8313235, -1.2735567 ] } },
{ "type": "Feature", "properties": { "facility_id": "facility_0062", "facility_type": "Hospital", "facility_name": "Dinesh Chandaria Medical Centre", "network_node": 6367299584, "flood_impact": 0.65143666516968701, "flood_impact_class": "High", "physically_affected": true, "reachable": true, "response_time_min": 10.716905698720069, "route_edges": [ "road_003696", "road_004162", "road_003824", "road_003826", "road_006013", "road_004188", "road_004191", "road_006020", "road_003048", "road_003050", "road_003053", "road_000983", "road_000985", "road_004154", "road_003080", "road_003082", "road_003641", "road_005584", "road_005585", "road_005595", "road_004645", "road_004646", "road_005843", "road_005590", "road_000187", "road_000190", "road_000326", "road_000279", "road_000192", "road_000197", "road_000215", "road_004767", "road_000202", "road_000204", "road_000089", "road_000080", "road_000086", "road_000096", "road_000099", "road_003839", "road_003841", "road_006597", "road_003520", "road_000058", "road_000056", "road_000386", "road_001421", "road_001408", "road_001410", "road_000372", "road_000375", "road_000376", "road_000378", "road_001335", "road_001337", "road_000423", "road_000421", "road_000426", "road_001196", "road_000605", "road_000602", "road_000598", "road_000576", "road_000573", "road_000578", "road_000569", "road_000571" ], "normal_response_time_min": 9.9864644469457442, "normal_reachable": true, "response_delay_min": 0.73044125177432484, "access_status": "Accessible", "response_disrupted": false, "operationally_affected": true }, "geometry": { "type": "Point", "coordinates": [ 36.8114972, -1.2645234 ] } },
{ "type": "Feature", "properties": { "facility_id": "facility_0063", "facility_type": "Police Station", "facility_name": "Industrial Area Police Station", "network_node": 6352261040, "flood_impact": 0.60922736954738554, "flood_impact_class": "High", "physically_affected": true, "reachable": true, "response_time_min": 12.778998363839278, "route_edges": [ "road_003696", "road_004162", "road_003824", "road_003826", "road_006013", "road_004188", "road_004191", "road_006020", "road_003048", "road_003050", "road_003053", "road_000983", "road_000985", "road_004154", "road_003080", "road_003082", "road_003641", "road_005584", "road_005585", "road_005595", "road_004645", "road_004646", "road_005843", "road_005590", "road_000187", "road_000190", "road_000326", "road_000279", "road_000192", "road_000197", "road_000216", "road_004769", "road_000255", "road_000249", "road_000252", "road_000262", "road_000264", "road_005702", "road_000268", "road_006700", "road_006384", "road_006383", "road_002996", "road_002998", "road_002991", "road_002989", "road_002993", "road_002961", "road_002957", "road_002959", "road_003702", "road_002956", "road_002970", "road_002972", "road_000683", "road_000677", "road_000685", "road_000701", "road_002031" ], "normal_response_time_min": 6.0015932894919537, "normal_reachable": true, "response_delay_min": 6.7774050743473246, "access_status": "Severely Disrupted", "response_disrupted": true, "operationally_affected": true }, "geometry": { "type": "Point", "coordinates": [ 36.8341787, -1.3005838 ] } },
{ "type": "Feature", "properties": { "facility_id": "facility_0064", "facility_type": "Clinic", "facility_name": "Sprout Medical Clinic", "network_node": 612008259, "flood_impact": null, "flood_impact_class": "No Data", "physically_affected": false, "reachable": true, "response_time_min": 3.7959470647761662, "route_edges": [ "road_003696", "road_004162", "road_003824", "road_003826", "road_006013", "road_004188", "road_004191", "road_006021", "road_003051", "road_003074", "road_003046", "road_003039", "road_003043", "road_003261", "road_003805", "road_003804" ], "normal_response_time_min": 3.7959470647761662, "normal_reachable": true, "response_delay_min": 0.0, "access_status": "Accessible", "response_disrupted": false, "operationally_affected": false }, "geometry": { "type": "Point", "coordinates": [ 36.796375, -1.31463 ] } },
{ "type": "Feature", "properties": { "facility_id": "facility_0065", "facility_type": "Clinic", "facility_name": "Kisembo Health Services", "network_node": 612008259, "flood_impact": null, "flood_impact_class": "No Data", "physically_affected": false, "reachable": true, "response_time_min": 3.7959470647761662, "route_edges": [ "road_003696", "road_004162", "road_003824", "road_003826", "road_006013", "road_004188", "road_004191", "road_006021", "road_003051", "road_003074", "road_003046", "road_003039", "road_003043", "road_003261", "road_003805", "road_003804" ], "normal_response_time_min": 3.7959470647761662, "normal_reachable": true, "response_delay_min": 0.0, "access_status": "Accessible", "response_disrupted": false, "operationally_affected": false }, "geometry": { "type": "Point", "coordinates": [ 36.7900117, -1.3132583 ] } },
{ "type": "Feature", "properties": { "facility_id": "facility_0066", "facility_type": "Clinic", "facility_name": "Vimacare Clinic", "network_node": 612008259, "flood_impact": null, "flood_impact_class": "No Data", "physically_affected": false, "reachable": true, "response_time_min": 3.7959470647761662, "route_edges": [ "road_003696", "road_004162", "road_003824", "road_003826", "road_006013", "road_004188", "road_004191", "road_006021", "road_003051", "road_003074", "road_003046", "road_003039", "road_003043", "road_003261", "road_003805", "road_003804" ], "normal_response_time_min": 3.7959470647761662, "normal_reachable": true, "response_delay_min": 0.0, "access_status": "Accessible", "response_disrupted": false, "operationally_affected": false }, "geometry": { "type": "Point", "coordinates": [ 36.7920263, -1.3147614 ] } },
{ "type": "Feature", "properties": { "facility_id": "facility_0067", "facility_type": "Clinic", "facility_name": "Fhok-Family Care Medical Centre", "network_node": 612008259, "flood_impact": null, "flood_impact_class": "No Data", "physically_affected": false, "reachable": true, "response_time_min": 3.7959470647761662, "route_edges": [ "road_003696", "road_004162", "road_003824", "road_003826", "road_006013", "road_004188", "road_004191", "road_006021", "road_003051", "road_003074", "road_003046", "road_003039", "road_003043", "road_003261", "road_003805", "road_003804" ], "normal_response_time_min": 3.7959470647761662, "normal_reachable": true, "response_delay_min": 0.0, "access_status": "Accessible", "response_disrupted": false, "operationally_affected": false }, "geometry": { "type": "Point", "coordinates": [ 36.7935491, -1.3117381 ] } },
{ "type": "Feature", "properties": { "facility_id": "facility_0068", "facility_type": "Clinic", "facility_name": "St Francis Dental Clinic", "network_node": 612008259, "flood_impact": null, "flood_impact_class": "No Data", "physically_affected": false, "reachable": true, "response_time_min": 3.7959470647761662, "route_edges": [ "road_003696", "road_004162", "road_003824", "road_003826", "road_006013", "road_004188", "road_004191", "road_006021", "road_003051", "road_003074", "road_003046", "road_003039", "road_003043", "road_003261", "road_003805", "road_003804" ], "normal_response_time_min": 3.7959470647761662, "normal_reachable": true, "response_delay_min": 0.0, "access_status": "Accessible", "response_disrupted": false, "operationally_affected": false }, "geometry": { "type": "Point", "coordinates": [ 36.79817, -1.311865 ] } },
{ "type": "Feature", "properties": { "facility_id": "facility_0069", "facility_type": "Clinic", "facility_name": "Beyond Zero", "network_node": 612008259, "flood_impact": null, "flood_impact_class": "No Data", "physically_affected": false, "reachable": true, "response_time_min": 3.7959470647761662, "route_edges": [ "road_003696", "road_004162", "road_003824", "road_003826", "road_006013", "road_004188", "road_004191", "road_006021", "road_003051", "road_003074", "road_003046", "road_003039", "road_003043", "road_003261", "road_003805", "road_003804" ], "normal_response_time_min": 3.7959470647761662, "normal_reachable": true, "response_delay_min": 0.0, "access_status": "Accessible", "response_disrupted": false, "operationally_affected": false }, "geometry": { "type": "Point", "coordinates": [ 36.7915487, -1.314394 ] } },
{ "type": "Feature", "properties": { "facility_id": "facility_0070", "facility_type": "Clinic", "facility_name": "Fhok-Family Care Medical Centre", "network_node": 612008259, "flood_impact": null, "flood_impact_class": "No Data", "physically_affected": false, "reachable": true, "response_time_min": 3.7959470647761662, "route_edges": [ "road_003696", "road_004162", "road_003824", "road_003826", "road_006013", "road_004188", "road_004191", "road_006021", "road_003051", "road_003074", "road_003046", "road_003039", "road_003043", "road_003261", "road_003805", "road_003804" ], "normal_response_time_min": 3.7959470647761662, "normal_reachable": true, "response_delay_min": 0.0, "access_status": "Accessible", "response_disrupted": false, "operationally_affected": false }, "geometry": { "type": "Point", "coordinates": [ 36.793995, -1.312125 ] } },
{ "type": "Feature", "properties": { "facility_id": "facility_0071", "facility_type": "Clinic", "facility_name": "Frepals Nursing Home", "network_node": 489246621, "flood_impact": null, "flood_impact_class": "No Data", "physically_affected": false, "reachable": true, "response_time_min": 4.443770608894356, "route_edges": [ "road_003696", "road_004162", "road_003824", "road_003826", "road_006013", "road_004188", "road_004191", "road_006021", "road_003051", "road_003074", "road_003046", "road_003039", "road_003043", "road_003259", "road_003258", "road_003263" ], "normal_response_time_min": 4.0308366017705355, "normal_reachable": true, "response_delay_min": 0.41293400712382056, "access_status": "Accessible", "response_disrupted": false, "operationally_affected": false }, "geometry": { "type": "Point", "coordinates": [ 36.7929933, -1.3115083 ] } },
{ "type": "Feature", "properties": { "facility_id": "facility_0072", "facility_type": "Hospital", "facility_name": "Mlango Kubwa Health Centre", "network_node": 1132145557, "flood_impact": null, "flood_impact_class": "No Data", "physically_affected": false, "reachable": true, "response_time_min": 14.990496473416842, "route_edges": [ "road_003696", "road_004162", "road_003824", "road_003826", "road_006013", "road_004188", "road_004191", "road_006020", "road_003048", "road_003050", "road_003053", "road_000983", "road_000985", "road_004154", "road_003080", "road_003082", "road_003641", "road_005584", "road_005585", "road_005595", "road_004645", "road_004646", "road_005843", "road_005590", "road_000187", "road_000190", "road_000326", "road_000279", "road_000192", "road_000197", "road_000215", "road_004767", "road_000202", "road_000204", "road_000089", "road_000080", "road_000086", "road_000096", "road_000099", "road_003839", "road_003841", "road_006597", "road_003520", "road_000058", "road_000056", "road_000386", "road_001421", "road_001409", "road_001411", "road_001412", "road_003650", "road_003653", "road_003661", "road_004175", "road_003782", "road_001897", "road_003544", "road_005835", "road_000979", "road_000980", "road_003546", "road_003549", "road_000892", "road_000850", "road_000853", "road_000890", "road_005993", "road_006011", "road_002952", "road_002953", "road_003746", "road_000736", "road_000737", "road_000739", "road_001517", "road_000794", "road_000796", "road_000791", "road_000792", "road_000801", "road_001501", "road_005523", "road_005526", "road_001533", "road_001531", "road_001527", "road_001529", "road_006162", "road_002128", "road_001524", "road_001525", "road_001513", "road_001516", "road_002081", "road_001661", "road_001664", "road_005024", "road_004731", "road_004730", "road_005019", "road_002243", "road_002242", "road_002250", "road_002322", "road_002510", "road_002508", "road_002492", "road_002483", "road_002491", "road_002504", "road_006088", "road_004663", "road_004036", "road_004033", "road_004027", "road_004026" ], "normal_response_time_min": 12.045856544137513, "normal_reachable": true, "response_delay_min": 2.9446399292793295, "access_status": "Severely Disrupted", "response_disrupted": true, "operationally_affected": true }, "geometry": { "type": "Point", "coordinates": [ 36.8456917, -1.2657867 ] } },
{ "type": "Feature", "properties": { "facility_id": "facility_0073", "facility_type": "Clinic", "facility_name": "Divine Dispensary", "network_node": 282407871, "flood_impact": null, "flood_impact_class": "No Data", "physically_affected": false, "reachable": true, "response_time_min": 14.581484445635295, "route_edges": [ "road_003696", "road_004162", "road_003824", "road_003826", "road_006013", "road_004188", "road_004191", "road_006020", "road_003048", "road_003050", "road_003053", "road_000983", "road_000985", "road_004154", "road_003080", "road_003082", "road_003641", "road_005584", "road_005585", "road_005595", "road_004645", "road_004646", "road_005843", "road_005590", "road_000187", "road_000190", "road_000326", "road_000279", "road_000192", "road_000197", "road_000215", "road_004767", "road_000202", "road_000204", "road_000089", "road_000080", "road_000086", "road_000096", "road_000099", "road_003839", "road_003841", "road_006597", "road_003520", "road_000058", "road_000056", "road_000386", "road_001421", "road_001409", "road_001411", "road_001412", "road_003650", "road_003653", "road_003661", "road_004175", "road_003782", "road_001897", "road_003544", "road_005835", "road_000979", "road_000980", "road_003546", "road_003549", "road_000892", "road_000850", "road_000853", "road_000890", "road_005993", "road_006011", "road_002952", "road_002953", "road_003746", "road_000736", "road_000737", "road_000739", "road_001517", "road_000794", "road_000796", "road_000791", "road_000792", "road_000801", "road_001501", "road_005523", "road_005526", "road_001533", "road_001531", "road_001527", "road_001529", "road_006162", "road_002128", "road_001524", "road_001525", "road_001513", "road_001516", "road_002081", "road_001661", "road_001664", "road_005024", "road_004731", "road_004730", "road_005019", "road_002243", "road_002242", "road_002250", "road_002322", "road_002510", "road_002508", "road_002492", "road_002483", "road_002491", "road_002504", "road_006088", "road_004663", "road_004037", "road_006292", "road_003926", "road_002722", "road_002713" ], "normal_response_time_min": 11.636844516355966, "normal_reachable": true, "response_delay_min": 2.9446399292793295, "access_status": "Severely Disrupted", "response_disrupted": true, "operationally_affected": true }, "geometry": { "type": "Point", "coordinates": [ 36.8462956, -1.2665301 ] } },
{ "type": "Feature", "properties": { "facility_id": "facility_0074", "facility_type": "Clinic", "facility_name": "Drug Safe Pharmacy", "network_node": 1132145557, "flood_impact": null, "flood_impact_class": "No Data", "physically_affected": false, "reachable": true, "response_time_min": 14.990496473416842, "route_edges": [ "road_003696", "road_004162", "road_003824", "road_003826", "road_006013", "road_004188", "road_004191", "road_006020", "road_003048", "road_003050", "road_003053", "road_000983", "road_000985", "road_004154", "road_003080", "road_003082", "road_003641", "road_005584", "road_005585", "road_005595", "road_004645", "road_004646", "road_005843", "road_005590", "road_000187", "road_000190", "road_000326", "road_000279", "road_000192", "road_000197", "road_000215", "road_004767", "road_000202", "road_000204", "road_000089", "road_000080", "road_000086", "road_000096", "road_000099", "road_003839", "road_003841", "road_006597", "road_003520", "road_000058", "road_000056", "road_000386", "road_001421", "road_001409", "road_001411", "road_001412", "road_003650", "road_003653", "road_003661", "road_004175", "road_003782", "road_001897", "road_003544", "road_005835", "road_000979", "road_000980", "road_003546", "road_003549", "road_000892", "road_000850", "road_000853", "road_000890", "road_005993", "road_006011", "road_002952", "road_002953", "road_003746", "road_000736", "road_000737", "road_000739", "road_001517", "road_000794", "road_000796", "road_000791", "road_000792", "road_000801", "road_001501", "road_005523", "road_005526", "road_001533", "road_001531", "road_001527", "road_001529", "road_006162", "road_002128", "road_001524", "road_001525", "road_001513", "road_001516", "road_002081", "road_001661", "road_001664", "road_005024", "road_004731", "road_004730", "road_005019", "road_002243", "road_002242", "road_002250", "road_002322", "road_002510", "road_002508", "road_002492", "road_002483", "road_002491", "road_002504", "road_006088", "road_004663", "road_004036", "road_004033", "road_004027", "road_004026" ], "normal_response_time_min": 12.045856544137513, "normal_reachable": true, "response_delay_min": 2.9446399292793295, "access_status": "Severely Disrupted", "response_disrupted": true, "operationally_affected": true }, "geometry": { "type": "Point", "coordinates": [ 36.84527, -1.2660967 ] } },
{ "type": "Feature", "properties": { "facility_id": "facility_0075", "facility_type": "Clinic", "facility_name": "Beth Clinic", "network_node": 1132145485, "flood_impact": null, "flood_impact_class": "No Data", "physically_affected": false, "reachable": true, "response_time_min": 14.624125045590894, "route_edges": [ "road_003696", "road_004162", "road_003824", "road_003826", "road_006013", "road_004188", "road_004191", "road_006020", "road_003048", "road_003050", "road_003053", "road_000983", "road_000985", "road_004154", "road_003080", "road_003082", "road_003641", "road_005584", "road_005585", "road_005595", "road_004645", "road_004646", "road_005843", "road_005590", "road_000187", "road_000190", "road_000326", "road_000279", "road_000192", "road_000197", "road_000215", "road_004767", "road_000202", "road_000204", "road_000089", "road_000080", "road_000086", "road_000096", "road_000099", "road_003839", "road_003841", "road_006597", "road_003520", "road_000058", "road_000056", "road_000386", "road_001421", "road_001409", "road_001411", "road_001412", "road_003650", "road_003653", "road_003661", "road_004175", "road_003782", "road_001897", "road_003544", "road_005835", "road_000979", "road_000980", "road_003546", "road_003549", "road_000892", "road_000850", "road_000853", "road_000890", "road_005993", "road_006011", "road_002952", "road_002953", "road_003746", "road_000736", "road_000737", "road_000739", "road_001517", "road_000794", "road_000796", "road_000791", "road_000792", "road_000801", "road_001501", "road_005523", "road_005526", "road_001533", "road_001531", "road_001527", "road_001529", "road_006162", "road_002128", "road_001524", "road_001525", "road_001513", "road_001516", "road_002081", "road_001661", "road_001664", "road_005024", "road_004731", "road_004730", "road_005019", "road_002243", "road_002242", "road_002250", "road_002322", "road_002510", "road_002508", "road_002492", "road_002483", "road_002491", "road_002504", "road_006088", "road_004663", "road_004036", "road_004033", "road_004027", "road_004025" ], "normal_response_time_min": 11.679485116311564, "normal_reachable": true, "response_delay_min": 2.9446399292793295, "access_status": "Severely Disrupted", "response_disrupted": true, "operationally_affected": true }, "geometry": { "type": "Point", "coordinates": [ 36.8432683, -1.2655969 ] } },
{ "type": "Feature", "properties": { "facility_id": "facility_0076", "facility_type": "Clinic", "facility_name": "Great Medical Hospital", "network_node": 1132145557, "flood_impact": null, "flood_impact_class": "No Data", "physically_affected": false, "reachable": true, "response_time_min": 14.990496473416842, "route_edges": [ "road_003696", "road_004162", "road_003824", "road_003826", "road_006013", "road_004188", "road_004191", "road_006020", "road_003048", "road_003050", "road_003053", "road_000983", "road_000985", "road_004154", "road_003080", "road_003082", "road_003641", "road_005584", "road_005585", "road_005595", "road_004645", "road_004646", "road_005843", "road_005590", "road_000187", "road_000190", "road_000326", "road_000279", "road_000192", "road_000197", "road_000215", "road_004767", "road_000202", "road_000204", "road_000089", "road_000080", "road_000086", "road_000096", "road_000099", "road_003839", "road_003841", "road_006597", "road_003520", "road_000058", "road_000056", "road_000386", "road_001421", "road_001409", "road_001411", "road_001412", "road_003650", "road_003653", "road_003661", "road_004175", "road_003782", "road_001897", "road_003544", "road_005835", "road_000979", "road_000980", "road_003546", "road_003549", "road_000892", "road_000850", "road_000853", "road_000890", "road_005993", "road_006011", "road_002952", "road_002953", "road_003746", "road_000736", "road_000737", "road_000739", "road_001517", "road_000794", "road_000796", "road_000791", "road_000792", "road_000801", "road_001501", "road_005523", "road_005526", "road_001533", "road_001531", "road_001527", "road_001529", "road_006162", "road_002128", "road_001524", "road_001525", "road_001513", "road_001516", "road_002081", "road_001661", "road_001664", "road_005024", "road_004731", "road_004730", "road_005019", "road_002243", "road_002242", "road_002250", "road_002322", "road_002510", "road_002508", "road_002492", "road_002483", "road_002491", "road_002504", "road_006088", "road_004663", "road_004036", "road_004033", "road_004027", "road_004026" ], "normal_response_time_min": 12.045856544137513, "normal_reachable": true, "response_delay_min": 2.9446399292793295, "access_status": "Severely Disrupted", "response_disrupted": true, "operationally_affected": true }, "geometry": { "type": "Point", "coordinates": [ 36.8456467, -1.2653661 ] } },
{ "type": "Feature", "properties": { "facility_id": "facility_0077", "facility_type": "Hospital", "facility_name": "The Jordon Hospital", "network_node": 1132145473, "flood_impact": null, "flood_impact_class": "No Data", "physically_affected": false, "reachable": true, "response_time_min": 15.388281315239928, "route_edges": [ "road_003696", "road_004162", "road_003824", "road_003826", "road_006013", "road_004188", "road_004191", "road_006020", "road_003048", "road_003050", "road_003053", "road_000983", "road_000985", "road_004154", "road_003080", "road_003082", "road_003641", "road_005584", "road_005585", "road_005595", "road_004645", "road_004646", "road_005843", "road_005590", "road_000187", "road_000190", "road_000326", "road_000279", "road_000192", "road_000197", "road_000215", "road_004767", "road_000202", "road_000204", "road_000089", "road_000080", "road_000086", "road_000096", "road_000099", "road_003839", "road_003841", "road_006597", "road_003520", "road_000058", "road_000056", "road_000386", "road_001421", "road_001409", "road_001411", "road_001412", "road_003650", "road_003653", "road_003661", "road_004175", "road_003782", "road_001897", "road_003544", "road_005835", "road_000979", "road_000980", "road_003546", "road_003549", "road_000892", "road_000850", "road_000853", "road_000890", "road_005993", "road_006011", "road_002952", "road_002953", "road_003746", "road_000736", "road_000737", "road_000739", "road_001517", "road_000794", "road_000796", "road_000791", "road_000792", "road_000801", "road_001501", "road_005523", "road_005526", "road_001533", "road_001531", "road_001527", "road_001529", "road_006162", "road_002128", "road_001524", "road_001525", "road_001513", "road_001516", "road_002081", "road_001661", "road_001664", "road_005024", "road_004731", "road_004730", "road_005019", "road_002243", "road_002242", "road_002250", "road_002322", "road_002510", "road_002508", "road_002492", "road_002483", "road_002491", "road_002504", "road_006088", "road_004663", "road_004036", "road_004033", "road_004027", "road_004026", "road_004023" ], "normal_response_time_min": 12.443641385960598, "normal_reachable": true, "response_delay_min": 2.9446399292793295, "access_status": "Severely Disrupted", "response_disrupted": true, "operationally_affected": true }, "geometry": { "type": "Point", "coordinates": [ 36.8450277, -1.2650783 ] } },
{ "type": "Feature", "properties": { "facility_id": "facility_0078", "facility_type": "Hospital", "facility_name": "Glory Hospital", "network_node": 1132145557, "flood_impact": null, "flood_impact_class": "No Data", "physically_affected": false, "reachable": true, "response_time_min": 14.990496473416842, "route_edges": [ "road_003696", "road_004162", "road_003824", "road_003826", "road_006013", "road_004188", "road_004191", "road_006020", "road_003048", "road_003050", "road_003053", "road_000983", "road_000985", "road_004154", "road_003080", "road_003082", "road_003641", "road_005584", "road_005585", "road_005595", "road_004645", "road_004646", "road_005843", "road_005590", "road_000187", "road_000190", "road_000326", "road_000279", "road_000192", "road_000197", "road_000215", "road_004767", "road_000202", "road_000204", "road_000089", "road_000080", "road_000086", "road_000096", "road_000099", "road_003839", "road_003841", "road_006597", "road_003520", "road_000058", "road_000056", "road_000386", "road_001421", "road_001409", "road_001411", "road_001412", "road_003650", "road_003653", "road_003661", "road_004175", "road_003782", "road_001897", "road_003544", "road_005835", "road_000979", "road_000980", "road_003546", "road_003549", "road_000892", "road_000850", "road_000853", "road_000890", "road_005993", "road_006011", "road_002952", "road_002953", "road_003746", "road_000736", "road_000737", "road_000739", "road_001517", "road_000794", "road_000796", "road_000791", "road_000792", "road_000801", "road_001501", "road_005523", "road_005526", "road_001533", "road_001531", "road_001527", "road_001529", "road_006162", "road_002128", "road_001524", "road_001525", "road_001513", "road_001516", "road_002081", "road_001661", "road_001664", "road_005024", "road_004731", "road_004730", "road_005019", "road_002243", "road_002242", "road_002250", "road_002322", "road_002510", "road_002508", "road_002492", "road_002483", "road_002491", "road_002504", "road_006088", "road_004663", "road_004036", "road_004033", "road_004027", "road_004026" ], "normal_response_time_min": 12.045856544137513, "normal_reachable": true, "response_delay_min": 2.9446399292793295, "access_status": "Severely Disrupted", "response_disrupted": true, "operationally_affected": true }, "geometry": { "type": "Point", "coordinates": [ 36.8455084, -1.2657826 ] } },
{ "type": "Feature", "properties": { "facility_id": "facility_0079", "facility_type": "Hospital", "facility_name": "The Great Medical Hospital", "network_node": 1132145473, "flood_impact": null, "flood_impact_class": "No Data", "physically_affected": false, "reachable": true, "response_time_min": 15.388281315239928, "route_edges": [ "road_003696", "road_004162", "road_003824", "road_003826", "road_006013", "road_004188", "road_004191", "road_006020", "road_003048", "road_003050", "road_003053", "road_000983", "road_000985", "road_004154", "road_003080", "road_003082", "road_003641", "road_005584", "road_005585", "road_005595", "road_004645", "road_004646", "road_005843", "road_005590", "road_000187", "road_000190", "road_000326", "road_000279", "road_000192", "road_000197", "road_000215", "road_004767", "road_000202", "road_000204", "road_000089", "road_000080", "road_000086", "road_000096", "road_000099", "road_003839", "road_003841", "road_006597", "road_003520", "road_000058", "road_000056", "road_000386", "road_001421", "road_001409", "road_001411", "road_001412", "road_003650", "road_003653", "road_003661", "road_004175", "road_003782", "road_001897", "road_003544", "road_005835", "road_000979", "road_000980", "road_003546", "road_003549", "road_000892", "road_000850", "road_000853", "road_000890", "road_005993", "road_006011", "road_002952", "road_002953", "road_003746", "road_000736", "road_000737", "road_000739", "road_001517", "road_000794", "road_000796", "road_000791", "road_000792", "road_000801", "road_001501", "road_005523", "road_005526", "road_001533", "road_001531", "road_001527", "road_001529", "road_006162", "road_002128", "road_001524", "road_001525", "road_001513", "road_001516", "road_002081", "road_001661", "road_001664", "road_005024", "road_004731", "road_004730", "road_005019", "road_002243", "road_002242", "road_002250", "road_002322", "road_002510", "road_002508", "road_002492", "road_002483", "road_002491", "road_002504", "road_006088", "road_004663", "road_004036", "road_004033", "road_004027", "road_004026", "road_004023" ], "normal_response_time_min": 12.443641385960598, "normal_reachable": true, "response_delay_min": 2.9446399292793295, "access_status": "Severely Disrupted", "response_disrupted": true, "operationally_affected": true }, "geometry": { "type": "Point", "coordinates": [ 36.8453793, -1.2652604 ] } },
{ "type": "Feature", "properties": { "facility_id": "facility_0080", "facility_type": "Clinic", "facility_name": "Curex Pharmacy", "network_node": 1132145570, "flood_impact": null, "flood_impact_class": "No Data", "physically_affected": false, "reachable": true, "response_time_min": 15.099247123209537, "route_edges": [ "road_003696", "road_004162", "road_003824", "road_003826", "road_006013", "road_004188", "road_004191", "road_006020", "road_003048", "road_003050", "road_003053", "road_000983", "road_000985", "road_004154", "road_003080", "road_003082", "road_003641", "road_005584", "road_005585", "road_005595", "road_004645", "road_004646", "road_005843", "road_005590", "road_000187", "road_000190", "road_000326", "road_000279", "road_000192", "road_000197", "road_000215", "road_004767", "road_000202", "road_000204", "road_000089", "road_000080", "road_000086", "road_000096", "road_000099", "road_003839", "road_003841", "road_006597", "road_003520", "road_000058", "road_000056", "road_000386", "road_001421", "road_001409", "road_001411", "road_001412", "road_003650", "road_003653", "road_003661", "road_004175", "road_003782", "road_001897", "road_003544", "road_005835", "road_000979", "road_000980", "road_003546", "road_003549", "road_000892", "road_000850", "road_000853", "road_000890", "road_005993", "road_006011", "road_002952", "road_002953", "road_003746", "road_000736", "road_000737", "road_000739", "road_001517", "road_000794", "road_000796", "road_000791", "road_000792", "road_000801", "road_001501", "road_005523", "road_005526", "road_001533", "road_001531", "road_001527", "road_001529", "road_006162", "road_002128", "road_001524", "road_001525", "road_001513", "road_001516", "road_002081", "road_001661", "road_001664", "road_005024", "road_004731", "road_004730", "road_005019", "road_002243", "road_002242", "road_002250", "road_002322", "road_002510", "road_002508", "road_002492", "road_002483", "road_002491", "road_002504", "road_006088", "road_004663", "road_004036", "road_004033", "road_004027", "road_004026", "road_004021" ], "normal_response_time_min": 12.154607193930207, "normal_reachable": true, "response_delay_min": 2.9446399292793295, "access_status": "Severely Disrupted", "response_disrupted": true, "operationally_affected": true }, "geometry": { "type": "Point", "coordinates": [ 36.8460954, -1.2657857 ] } },
{ "type": "Feature", "properties": { "facility_id": "facility_0081", "facility_type": "Clinic", "facility_name": "Gifted Pharmacy", "network_node": 1132145557, "flood_impact": null, "flood_impact_class": "No Data", "physically_affected": false, "reachable": true, "response_time_min": 14.990496473416842, "route_edges": [ "road_003696", "road_004162", "road_003824", "road_003826", "road_006013", "road_004188", "road_004191", "road_006020", "road_003048", "road_003050", "road_003053", "road_000983", "road_000985", "road_004154", "road_003080", "road_003082", "road_003641", "road_005584", "road_005585", "road_005595", "road_004645", "road_004646", "road_005843", "road_005590", "road_000187", "road_000190", "road_000326", "road_000279", "road_000192", "road_000197", "road_000215", "road_004767", "road_000202", "road_000204", "road_000089", "road_000080", "road_000086", "road_000096", "road_000099", "road_003839", "road_003841", "road_006597", "road_003520", "road_000058", "road_000056", "road_000386", "road_001421", "road_001409", "road_001411", "road_001412", "road_003650", "road_003653", "road_003661", "road_004175", "road_003782", "road_001897", "road_003544", "road_005835", "road_000979", "road_000980", "road_003546", "road_003549", "road_000892", "road_000850", "road_000853", "road_000890", "road_005993", "road_006011", "road_002952", "road_002953", "road_003746", "road_000736", "road_000737", "road_000739", "road_001517", "road_000794", "road_000796", "road_000791", "road_000792", "road_000801", "road_001501", "road_005523", "road_005526", "road_001533", "road_001531", "road_001527", "road_001529", "road_006162", "road_002128", "road_001524", "road_001525", "road_001513", "road_001516", "road_002081", "road_001661", "road_001664", "road_005024", "road_004731", "road_004730", "road_005019", "road_002243", "road_002242", "road_002250", "road_002322", "road_002510", "road_002508", "road_002492", "road_002483", "road_002491", "road_002504", "road_006088", "road_004663", "road_004036", "road_004033", "road_004027", "road_004026" ], "normal_response_time_min": 12.045856544137513, "normal_reachable": true, "response_delay_min": 2.9446399292793295, "access_status": "Severely Disrupted", "response_disrupted": true, "operationally_affected": true }, "geometry": { "type": "Point", "coordinates": [ 36.845394, -1.2660591 ] } },
{ "type": "Feature", "properties": { "facility_id": "facility_0082", "facility_type": "Clinic", "facility_name": "Loving Concern Medical Clinic", "network_node": 1132145473, "flood_impact": null, "flood_impact_class": "No Data", "physically_affected": false, "reachable": true, "response_time_min": 15.388281315239928, "route_edges": [ "road_003696", "road_004162", "road_003824", "road_003826", "road_006013", "road_004188", "road_004191", "road_006020", "road_003048", "road_003050", "road_003053", "road_000983", "road_000985", "road_004154", "road_003080", "road_003082", "road_003641", "road_005584", "road_005585", "road_005595", "road_004645", "road_004646", "road_005843", "road_005590", "road_000187", "road_000190", "road_000326", "road_000279", "road_000192", "road_000197", "road_000215", "road_004767", "road_000202", "road_000204", "road_000089", "road_000080", "road_000086", "road_000096", "road_000099", "road_003839", "road_003841", "road_006597", "road_003520", "road_000058", "road_000056", "road_000386", "road_001421", "road_001409", "road_001411", "road_001412", "road_003650", "road_003653", "road_003661", "road_004175", "road_003782", "road_001897", "road_003544", "road_005835", "road_000979", "road_000980", "road_003546", "road_003549", "road_000892", "road_000850", "road_000853", "road_000890", "road_005993", "road_006011", "road_002952", "road_002953", "road_003746", "road_000736", "road_000737", "road_000739", "road_001517", "road_000794", "road_000796", "road_000791", "road_000792", "road_000801", "road_001501", "road_005523", "road_005526", "road_001533", "road_001531", "road_001527", "road_001529", "road_006162", "road_002128", "road_001524", "road_001525", "road_001513", "road_001516", "road_002081", "road_001661", "road_001664", "road_005024", "road_004731", "road_004730", "road_005019", "road_002243", "road_002242", "road_002250", "road_002322", "road_002510", "road_002508", "road_002492", "road_002483", "road_002491", "road_002504", "road_006088", "road_004663", "road_004036", "road_004033", "road_004027", "road_004026", "road_004023" ], "normal_response_time_min": 12.443641385960598, "normal_reachable": true, "response_delay_min": 2.9446399292793295, "access_status": "Severely Disrupted", "response_disrupted": true, "operationally_affected": true }, "geometry": { "type": "Point", "coordinates": [ 36.845075, -1.2644167 ] } },
{ "type": "Feature", "properties": { "facility_id": "facility_0083", "facility_type": "Clinic", "facility_name": "View Point Medical", "network_node": 1132145473, "flood_impact": null, "flood_impact_class": "No Data", "physically_affected": false, "reachable": true, "response_time_min": 15.388281315239928, "route_edges": [ "road_003696", "road_004162", "road_003824", "road_003826", "road_006013", "road_004188", "road_004191", "road_006020", "road_003048", "road_003050", "road_003053", "road_000983", "road_000985", "road_004154", "road_003080", "road_003082", "road_003641", "road_005584", "road_005585", "road_005595", "road_004645", "road_004646", "road_005843", "road_005590", "road_000187", "road_000190", "road_000326", "road_000279", "road_000192", "road_000197", "road_000215", "road_004767", "road_000202", "road_000204", "road_000089", "road_000080", "road_000086", "road_000096", "road_000099", "road_003839", "road_003841", "road_006597", "road_003520", "road_000058", "road_000056", "road_000386", "road_001421", "road_001409", "road_001411", "road_001412", "road_003650", "road_003653", "road_003661", "road_004175", "road_003782", "road_001897", "road_003544", "road_005835", "road_000979", "road_000980", "road_003546", "road_003549", "road_000892", "road_000850", "road_000853", "road_000890", "road_005993", "road_006011", "road_002952", "road_002953", "road_003746", "road_000736", "road_000737", "road_000739", "road_001517", "road_000794", "road_000796", "road_000791", "road_000792", "road_000801", "road_001501", "road_005523", "road_005526", "road_001533", "road_001531", "road_001527", "road_001529", "road_006162", "road_002128", "road_001524", "road_001525", "road_001513", "road_001516", "road_002081", "road_001661", "road_001664", "road_005024", "road_004731", "road_004730", "road_005019", "road_002243", "road_002242", "road_002250", "road_002322", "road_002510", "road_002508", "road_002492", "road_002483", "road_002491", "road_002504", "road_006088", "road_004663", "road_004036", "road_004033", "road_004027", "road_004026", "road_004023" ], "normal_response_time_min": 12.443641385960598, "normal_reachable": true, "response_delay_min": 2.9446399292793295, "access_status": "Severely Disrupted", "response_disrupted": true, "operationally_affected": true }, "geometry": { "type": "Point", "coordinates": [ 36.845413, -1.264623 ] } },
{ "type": "Feature", "properties": { "facility_id": "facility_0084", "facility_type": "Clinic", "facility_name": "IMANI CLINIC", "network_node": 6370011789, "flood_impact": null, "flood_impact_class": "No Data", "physically_affected": false, "reachable": true, "response_time_min": 15.890214657918458, "route_edges": [ "road_003696", "road_004162", "road_003824", "road_003826", "road_006013", "road_004188", "road_004191", "road_006020", "road_003048", "road_003050", "road_003053", "road_000983", "road_000985", "road_004154", "road_003080", "road_003082", "road_003641", "road_005584", "road_005585", "road_005595", "road_004645", "road_004646", "road_005843", "road_005590", "road_000187", "road_000190", "road_000326", "road_000279", "road_000192", "road_000197", "road_000215", "road_004767", "road_000202", "road_000204", "road_000089", "road_000080", "road_000086", "road_000096", "road_000099", "road_003839", "road_003841", "road_006597", "road_003520", "road_000058", "road_000056", "road_000386", "road_001421", "road_001409", "road_001411", "road_001412", "road_003650", "road_003653", "road_003661", "road_004175", "road_003782", "road_001897", "road_003544", "road_005835", "road_000979", "road_000980", "road_003546", "road_003549", "road_000892", "road_000850", "road_000853", "road_000890", "road_005993", "road_006011", "road_002952", "road_002953", "road_003746", "road_000736", "road_000737", "road_000739", "road_001517", "road_000794", "road_000796", "road_000791", "road_000792", "road_000801", "road_001501", "road_005523", "road_005526", "road_001533", "road_001531", "road_001527", "road_001529", "road_006162", "road_002128", "road_001524", "road_001525", "road_001513", "road_001516", "road_002081", "road_001661", "road_001664", "road_005024", "road_004731", "road_004730", "road_005019", "road_002243", "road_002242", "road_002250", "road_002322", "road_002510", "road_002508", "road_002492", "road_002483", "road_002491", "road_002504", "road_006088", "road_004663", "road_004037", "road_006292", "road_003926", "road_002722", "road_002713", "road_002719", "road_002771", "road_002776", "road_005719", "road_005722", "road_005306", "road_002761", "road_002758", "road_002764", "road_003992" ], "normal_response_time_min": 12.469903111359772, "normal_reachable": true, "response_delay_min": 3.4203115465586862, "access_status": "Severely Disrupted", "response_disrupted": true, "operationally_affected": true }, "geometry": { "type": "Point", "coordinates": [ 36.8491745, -1.2645368 ] } },
{ "type": "Feature", "properties": { "facility_id": "facility_0085", "facility_type": "Clinic", "facility_name": "Loving Concerned medical Clinic", "network_node": 1132145473, "flood_impact": null, "flood_impact_class": "No Data", "physically_affected": false, "reachable": true, "response_time_min": 15.388281315239928, "route_edges": [ "road_003696", "road_004162", "road_003824", "road_003826", "road_006013", "road_004188", "road_004191", "road_006020", "road_003048", "road_003050", "road_003053", "road_000983", "road_000985", "road_004154", "road_003080", "road_003082", "road_003641", "road_005584", "road_005585", "road_005595", "road_004645", "road_004646", "road_005843", "road_005590", "road_000187", "road_000190", "road_000326", "road_000279", "road_000192", "road_000197", "road_000215", "road_004767", "road_000202", "road_000204", "road_000089", "road_000080", "road_000086", "road_000096", "road_000099", "road_003839", "road_003841", "road_006597", "road_003520", "road_000058", "road_000056", "road_000386", "road_001421", "road_001409", "road_001411", "road_001412", "road_003650", "road_003653", "road_003661", "road_004175", "road_003782", "road_001897", "road_003544", "road_005835", "road_000979", "road_000980", "road_003546", "road_003549", "road_000892", "road_000850", "road_000853", "road_000890", "road_005993", "road_006011", "road_002952", "road_002953", "road_003746", "road_000736", "road_000737", "road_000739", "road_001517", "road_000794", "road_000796", "road_000791", "road_000792", "road_000801", "road_001501", "road_005523", "road_005526", "road_001533", "road_001531", "road_001527", "road_001529", "road_006162", "road_002128", "road_001524", "road_001525", "road_001513", "road_001516", "road_002081", "road_001661", "road_001664", "road_005024", "road_004731", "road_004730", "road_005019", "road_002243", "road_002242", "road_002250", "road_002322", "road_002510", "road_002508", "road_002492", "road_002483", "road_002491", "road_002504", "road_006088", "road_004663", "road_004036", "road_004033", "road_004027", "road_004026", "road_004023" ], "normal_response_time_min": 12.443641385960598, "normal_reachable": true, "response_delay_min": 2.9446399292793295, "access_status": "Severely Disrupted", "response_disrupted": true, "operationally_affected": true }, "geometry": { "type": "Point", "coordinates": [ 36.8453536, -1.2643602 ] } },
{ "type": "Feature", "properties": { "facility_id": "facility_0086", "facility_type": "Hospital", "facility_name": "Pangani family Hospital", "network_node": 6370081731, "flood_impact": null, "flood_impact_class": "No Data", "physically_affected": false, "reachable": true, "response_time_min": 14.932883051044268, "route_edges": [ "road_003696", "road_004162", "road_003824", "road_003826", "road_006013", "road_004188", "road_004191", "road_006020", "road_003048", "road_003050", "road_003053", "road_000983", "road_000985", "road_004154", "road_003080", "road_003082", "road_003641", "road_005584", "road_005585", "road_005595", "road_004645", "road_004646", "road_005843", "road_005590", "road_000187", "road_000190", "road_000326", "road_000279", "road_000192", "road_000197", "road_000215", "road_004767", "road_000202", "road_000204", "road_000089", "road_000080", "road_000086", "road_000096", "road_000099", "road_003839", "road_003841", "road_006597", "road_003520", "road_000058", "road_000056", "road_000386", "road_001421", "road_001409", "road_001411", "road_001412", "road_003650", "road_003653", "road_003661", "road_004175", "road_003782", "road_001897", "road_003544", "road_005835", "road_000979", "road_000980", "road_003546", "road_003549", "road_000892", "road_000850", "road_000853", "road_000890", "road_005993", "road_006011", "road_002952", "road_002953", "road_003746", "road_000736", "road_000737", "road_000739", "road_001517", "road_000794", "road_000796", "road_000791", "road_000792", "road_000801", "road_001501", "road_005523", "road_005526", "road_001533", "road_001531", "road_001527", "road_001529", "road_006162", "road_002128", "road_001524", "road_001525", "road_001513", "road_001516", "road_002081", "road_001661", "road_001664", "road_005024", "road_004731", "road_004730", "road_005019", "road_002243", "road_002242", "road_002250", "road_002322", "road_002510", "road_002508", "road_002492", "road_002483", "road_002491", "road_002504", "road_006088", "road_004663", "road_004036", "road_004033", "road_004027", "road_004025", "road_002296" ], "normal_response_time_min": 11.988243121764938, "normal_reachable": true, "response_delay_min": 2.9446399292793295, "access_status": "Severely Disrupted", "response_disrupted": true, "operationally_affected": true }, "geometry": { "type": "Point", "coordinates": [ 36.8442502, -1.2653237 ] } },
{ "type": "Feature", "properties": { "facility_id": "facility_0087", "facility_type": "Hospital", "facility_name": "Glory Hospital", "network_node": 1132145557, "flood_impact": null, "flood_impact_class": "No Data", "physically_affected": false, "reachable": true, "response_time_min": 14.990496473416842, "route_edges": [ "road_003696", "road_004162", "road_003824", "road_003826", "road_006013", "road_004188", "road_004191", "road_006020", "road_003048", "road_003050", "road_003053", "road_000983", "road_000985", "road_004154", "road_003080", "road_003082", "road_003641", "road_005584", "road_005585", "road_005595", "road_004645", "road_004646", "road_005843", "road_005590", "road_000187", "road_000190", "road_000326", "road_000279", "road_000192", "road_000197", "road_000215", "road_004767", "road_000202", "road_000204", "road_000089", "road_000080", "road_000086", "road_000096", "road_000099", "road_003839", "road_003841", "road_006597", "road_003520", "road_000058", "road_000056", "road_000386", "road_001421", "road_001409", "road_001411", "road_001412", "road_003650", "road_003653", "road_003661", "road_004175", "road_003782", "road_001897", "road_003544", "road_005835", "road_000979", "road_000980", "road_003546", "road_003549", "road_000892", "road_000850", "road_000853", "road_000890", "road_005993", "road_006011", "road_002952", "road_002953", "road_003746", "road_000736", "road_000737", "road_000739", "road_001517", "road_000794", "road_000796", "road_000791", "road_000792", "road_000801", "road_001501", "road_005523", "road_005526", "road_001533", "road_001531", "road_001527", "road_001529", "road_006162", "road_002128", "road_001524", "road_001525", "road_001513", "road_001516", "road_002081", "road_001661", "road_001664", "road_005024", "road_004731", "road_004730", "road_005019", "road_002243", "road_002242", "road_002250", "road_002322", "road_002510", "road_002508", "road_002492", "road_002483", "road_002491", "road_002504", "road_006088", "road_004663", "road_004036", "road_004033", "road_004027", "road_004026" ], "normal_response_time_min": 12.045856544137513, "normal_reachable": true, "response_delay_min": 2.9446399292793295, "access_status": "Severely Disrupted", "response_disrupted": true, "operationally_affected": true }, "geometry": { "type": "Point", "coordinates": [ 36.8454841, -1.2658106 ] } },
{ "type": "Feature", "properties": { "facility_id": "facility_0088", "facility_type": "Clinic", "facility_name": "ABRA Health Services", "network_node": 30142925, "flood_impact": 0.62540575123316744, "flood_impact_class": "High", "physically_affected": true, "reachable": true, "response_time_min": 7.2806779631994747, "route_edges": [ "road_003696", "road_004162", "road_003824", "road_003826", "road_006013", "road_004188", "road_004191", "road_006020", "road_003048", "road_003050", "road_003053", "road_000983", "road_000985", "road_004154", "road_003080", "road_003082", "road_003641", "road_005584", "road_005585", "road_005595", "road_004645", "road_004646", "road_005843", "road_005590", "road_000187", "road_000190", "road_000326", "road_000279", "road_000192", "road_000197", "road_000215", "road_004767", "road_000202", "road_000204", "road_000089", "road_000080", "road_000086", "road_000096", "road_000099", "road_003839", "road_003841", "road_006597", "road_003520", "road_000058", "road_000056", "road_000386", "road_001421", "road_001409", "road_001411", "road_001413", "road_001414", "road_001415", "road_000235", "road_000229", "road_000231" ], "normal_response_time_min": 6.4296621342219451, "normal_reachable": true, "response_delay_min": 0.85101582897752959, "access_status": "Accessible", "response_disrupted": false, "operationally_affected": true }, "geometry": { "type": "Point", "coordinates": [ 36.8196959, -1.2919586 ] } },
{ "type": "Feature", "properties": { "facility_id": "facility_0089", "facility_type": "Clinic", "facility_name": "Canaan Health Providers (Nairobi)", "network_node": 6369513615, "flood_impact": 0.59800918177030826, "flood_impact_class": "Moderate", "physically_affected": true, "reachable": true, "response_time_min": 7.4177371106955867, "route_edges": [ "road_003696", "road_004162", "road_003824", "road_003826", "road_006013", "road_004188", "road_004191", "road_006020", "road_003048", "road_003050", "road_003053", "road_000983", "road_000985", "road_004154", "road_003080", "road_003082", "road_003641", "road_005584", "road_005585", "road_005595", "road_004645", "road_004646", "road_005843", "road_005590", "road_000187", "road_000190", "road_000326", "road_000279", "road_000192", "road_000197", "road_000215", "road_004767", "road_000202", "road_000204", "road_000089", "road_000080", "road_000086", "road_000096", "road_000099", "road_003839", "road_003841", "road_006597", "road_003520", "road_000058", "road_000056", "road_000386", "road_001421", "road_001409", "road_001411", "road_001412", "road_003650", "road_003653", "road_003661", "road_004175", "road_003781", "road_000347", "road_000350", "road_003731", "road_003784" ], "normal_response_time_min": 6.6872958589212601, "normal_reachable": true, "response_delay_min": 0.73044125177432662, "access_status": "Accessible", "response_disrupted": false, "operationally_affected": true }, "geometry": { "type": "Point", "coordinates": [ 36.821774, -1.284998 ] } },
{ "type": "Feature", "properties": { "facility_id": "facility_0090", "facility_type": "Hospital", "facility_name": "Care Hospital", "network_node": 6351397446, "flood_impact": null, "flood_impact_class": "No Data", "physically_affected": false, "reachable": true, "response_time_min": 14.03388649335623, "route_edges": [ "road_003696", "road_004162", "road_003824", "road_003826", "road_006013", "road_004188", "road_004191", "road_006020", "road_003048", "road_003050", "road_003053", "road_000983", "road_000985", "road_004154", "road_003080", "road_003082", "road_003641", "road_005584", "road_005585", "road_005595", "road_004645", "road_004646", "road_005843", "road_005590", "road_000187", "road_000190", "road_000326", "road_000279", "road_000192", "road_000197", "road_000215", "road_004767", "road_000202", "road_000204", "road_000089", "road_000080", "road_000086", "road_000096", "road_000099", "road_003839", "road_003841", "road_006597", "road_003520", "road_000058", "road_000056", "road_000386", "road_001421", "road_001409", "road_001411", "road_001412", "road_003650", "road_003653", "road_003661", "road_004175", "road_003782", "road_001897", "road_003544", "road_005835", "road_000979", "road_000980", "road_003546", "road_003549", "road_000892", "road_000850", "road_000853", "road_000890", "road_005993", "road_006011", "road_002952", "road_002953", "road_003746", "road_000736", "road_000737", "road_000739", "road_001517", "road_000794", "road_000796", "road_000791", "road_000792", "road_000801", "road_001501", "road_005523", "road_005526", "road_001533", "road_001531", "road_001527", "road_001529", "road_006162", "road_002128", "road_001524", "road_001525", "road_001512", "road_001514", "road_004252", "road_004692", "road_003590", "road_005486", "road_005715", "road_002174", "road_005714", "road_002798", "road_002800", "road_005712", "road_002702", "road_002696" ], "normal_response_time_min": 11.315854736038608, "normal_reachable": true, "response_delay_min": 2.7180317573176218, "access_status": "Severely Disrupted", "response_disrupted": true, "operationally_affected": true }, "geometry": { "type": "Point", "coordinates": [ 36.8441006, -1.2811463 ] } },
{ "type": "Feature", "properties": { "facility_id": "facility_0091", "facility_type": "Hospital", "facility_name": "Anka Hospital", "network_node": 1430302785, "flood_impact": null, "flood_impact_class": "No Data", "physically_affected": false, "reachable": true, "response_time_min": 15.605661021695255, "route_edges": [ "road_003696", "road_004162", "road_003824", "road_003826", "road_006013", "road_004188", "road_004191", "road_006020", "road_003048", "road_003050", "road_003053", "road_000983", "road_000985", "road_004154", "road_003080", "road_003082", "road_003641", "road_005584", "road_005585", "road_005595", "road_004645", "road_004646", "road_005843", "road_005590", "road_000187", "road_000190", "road_000326", "road_000279", "road_000192", "road_000197", "road_000215", "road_004767", "road_000202", "road_000204", "road_000089", "road_000080", "road_000086", "road_000096", "road_000099", "road_003839", "road_003841", "road_006597", "road_003520", "road_000058", "road_000056", "road_000386", "road_001421", "road_001409", "road_001411", "road_001412", "road_003650", "road_003653", "road_003661", "road_004175", "road_003782", "road_001897", "road_003544", "road_005835", "road_000979", "road_000980", "road_003546", "road_003549", "road_000892", "road_000850", "road_000853", "road_000890", "road_005993", "road_006011", "road_002952", "road_002953", "road_003746", "road_000736", "road_000737", "road_000739", "road_001517", "road_000794", "road_000796", "road_000791", "road_000792", "road_000801", "road_001501", "road_005523", "road_005526", "road_001533", "road_001531", "road_001527", "road_001529", "road_006162", "road_002128", "road_001524", "road_001525", "road_001512", "road_001514", "road_004252", "road_004692", "road_003590", "road_005486", "road_005716", "road_002167", "road_002172", "road_002187", "road_002192", "road_002728", "road_003558" ], "normal_response_time_min": 12.878473661498772, "normal_reachable": true, "response_delay_min": 2.7271873601964831, "access_status": "Severely Disrupted", "response_disrupted": true, "operationally_affected": true }, "geometry": { "type": "Point", "coordinates": [ 36.8481309, -1.2775578 ] } },
{ "type": "Feature", "properties": { "facility_id": "facility_0092", "facility_type": "Clinic", "facility_name": "City Health Limited", "network_node": 6580818927, "flood_impact": 0.41896287784021169, "flood_impact_class": "Low", "physically_affected": false, "reachable": true, "response_time_min": 7.3745416590759207, "route_edges": [ "road_003696", "road_004162", "road_003824", "road_003826", "road_006013", "road_004188", "road_004191", "road_006020", "road_003048", "road_003050", "road_003053", "road_000983", "road_000985", "road_004154", "road_003080", "road_003082", "road_003641", "road_005584", "road_005585", "road_005595", "road_004645", "road_004646", "road_005843", "road_005590", "road_000187", "road_000190", "road_000326", "road_000279", "road_000192", "road_000197", "road_000215", "road_004767", "road_000202", "road_000204", "road_000089", "road_000080", "road_000086", "road_000096", "road_000099", "road_003839", "road_003841", "road_006597", "road_003520", "road_000058", "road_000056", "road_000386", "road_001421", "road_001409", "road_001411", "road_001412", "road_003650", "road_003653", "road_003661", "road_004175", "road_003782", "road_001898" ], "normal_response_time_min": 6.6441004073015941, "normal_reachable": true, "response_delay_min": 0.73044125177432662, "access_status": "Accessible", "response_disrupted": false, "operationally_affected": false }, "geometry": { "type": "Point", "coordinates": [ 36.8228754, -1.2832573 ] } },
{ "type": "Feature", "properties": { "facility_id": "facility_0093", "facility_type": "Clinic", "facility_name": "City Point Medical Centre", "network_node": 6172854540, "flood_impact": null, "flood_impact_class": "No Data", "physically_affected": false, "reachable": true, "response_time_min": 13.206368567777117, "route_edges": [ "road_003696", "road_004162", "road_003824", "road_003826", "road_006013", "road_004188", "road_004191", "road_006020", "road_003048", "road_003050", "road_003053", "road_000983", "road_000985", "road_004154", "road_003080", "road_003082", "road_003641", "road_005584", "road_005585", "road_005595", "road_004645", "road_004646", "road_005843", "road_005590", "road_000187", "road_000190", "road_000326", "road_000279", "road_000192", "road_000197", "road_000215", "road_004767", "road_000202", "road_000204", "road_000089", "road_000080", "road_000086", "road_000096", "road_000099", "road_003839", "road_003841", "road_006597", "road_003520", "road_000058", "road_000056", "road_000386", "road_001421", "road_001409", "road_001411", "road_001412", "road_003650", "road_003653", "road_003661", "road_004175", "road_003782", "road_001897", "road_003544", "road_005835", "road_000979", "road_000980", "road_003546", "road_003549", "road_000892", "road_000850", "road_000853", "road_000890", "road_005993", "road_006011", "road_002952", "road_002953", "road_003746", "road_000736", "road_000737", "road_000739", "road_001517", "road_000794", "road_000796", "road_000791", "road_000792", "road_000801", "road_001501", "road_005523", "road_005526", "road_001533", "road_001531", "road_001527", "road_001529", "road_006162", "road_002128", "road_001524", "road_001525", "road_001512", "road_001514", "road_004252", "road_004692", "road_003590", "road_005486", "road_005715", "road_002174", "road_005713" ], "normal_response_time_min": 11.044018416171559, "normal_reachable": true, "response_delay_min": 2.1623501516055583, "access_status": "Severely Disrupted", "response_disrupted": true, "operationally_affected": true }, "geometry": { "type": "Point", "coordinates": [ 36.848594, -1.2788853 ] } },
{ "type": "Feature", "properties": { "facility_id": "facility_0094", "facility_type": "Clinic", "facility_name": "Doctors Park", "network_node": 5340939637, "flood_impact": 0.52165620847759253, "flood_impact_class": "Low", "physically_affected": false, "reachable": true, "response_time_min": 12.701266984642128, "route_edges": [ "road_003696", "road_004162", "road_003824", "road_003826", "road_006013", "road_004188", "road_004191", "road_006020", "road_003048", "road_003050", "road_003053", "road_000983", "road_000985", "road_004154", "road_003080", "road_003082", "road_003641", "road_005584", "road_005585", "road_005595", "road_004645", "road_004646", "road_005843", "road_005590", "road_000187", "road_000190", "road_000326", "road_000279", "road_000192", "road_000197", "road_000215", "road_004767", "road_000202", "road_000204", "road_000089", "road_000080", "road_000086", "road_000096", "road_000099", "road_003839", "road_003841", "road_006597", "road_003520", "road_000058", "road_000056", "road_000386", "road_001421", "road_001408", "road_001410", "road_000372", "road_000375", "road_000376", "road_000378", "road_001335", "road_001337", "road_000424", "road_001194", "road_004609", "road_001785", "road_002923", "road_006076", "road_006077", "road_004604", "road_004736", "road_001290", "road_005788", "road_005796", "road_005789", "road_001278", "road_001270", "road_001274" ], "normal_response_time_min": 11.114169916598156, "normal_reachable": true, "response_delay_min": 1.5870970680439722, "access_status": "Disrupted", "response_disrupted": true, "operationally_affected": true }, "geometry": { "type": "Point", "coordinates": [ 36.8218485, -1.2613695 ] } },
{ "type": "Feature", "properties": { "facility_id": "facility_0095", "facility_type": "Clinic", "facility_name": "Agakhan University Hospital Valley Arcade Clinic", "network_node": 6366667159, "flood_impact": 0.73232937126436715, "flood_impact_class": "Very High", "physically_affected": true, "reachable": true, "response_time_min": 13.085610903433501, "route_edges": [ "road_003696", "road_004162", "road_003824", "road_003826", "road_006013", "road_004188", "road_004191", "road_006020", "road_003048", "road_003050", "road_003053", "road_000983", "road_000985", "road_004154", "road_003080", "road_003082", "road_003641", "road_005584", "road_005585", "road_005595", "road_004645", "road_004646", "road_005843", "road_005590", "road_000187", "road_000190", "road_000326", "road_000279", "road_000192", "road_000197", "road_000215", "road_004767", "road_000202", "road_000204", "road_000089", "road_000080", "road_000086", "road_000096", "road_000099", "road_003839", "road_003841", "road_006597", "road_003520", "road_000058", "road_000056", "road_000386", "road_001421", "road_001408", "road_001410", "road_000372", "road_000375", "road_000376", "road_000378", "road_001335", "road_001337", "road_000424", "road_001194", "road_004609", "road_001785", "road_002923", "road_006076", "road_006077", "road_004604", "road_004736", "road_001290", "road_005788", "road_005796", "road_005789", "road_001278", "road_001270", "road_001274", "road_005290", "road_005293", "road_006047" ], "normal_response_time_min": 11.472666950086456, "normal_reachable": true, "response_delay_min": 1.6129439533470453, "access_status": "Disrupted", "response_disrupted": true, "operationally_affected": true }, "geometry": { "type": "Point", "coordinates": [ 36.8205792, -1.2614711 ] } },
{ "type": "Feature", "properties": { "facility_id": "facility_0096", "facility_type": "Hospital", "facility_name": "AIC Kijabe Hospital Nairobi Medical Centre", "network_node": 257382547, "flood_impact": 0.64421174754698851, "flood_impact_class": "High", "physically_affected": true, "reachable": true, "response_time_min": 10.434100196009632, "route_edges": [ "road_003696", "road_004162", "road_003824", "road_003826", "road_006013", "road_004188", "road_004191", "road_006020", "road_003048", "road_003050", "road_003053", "road_000983", "road_000985", "road_004154", "road_003080", "road_003082", "road_003641", "road_005584", "road_005585", "road_005595", "road_004645", "road_004646", "road_005843", "road_005590", "road_000187", "road_000190", "road_000326", "road_000279", "road_000192", "road_000197", "road_000215", "road_004767", "road_000202", "road_000204", "road_000089", "road_000080", "road_000086", "road_000096", "road_000099", "road_003839", "road_003841", "road_006597", "road_003520", "road_000058", "road_000056", "road_000386", "road_001421", "road_001408", "road_001410", "road_000372", "road_000375", "road_000376", "road_000378", "road_001336", "road_000394", "road_000395", "road_000397", "road_000400", "road_002444", "road_000435", "road_000437", "road_000431", "road_000433", "road_000440", "road_001237", "road_005180", "road_005174", "road_005167", "road_005169", "road_000452", "road_000455", "road_000458" ], "normal_response_time_min": 9.7036589442353076, "normal_reachable": true, "response_delay_min": 0.73044125177432484, "access_status": "Accessible", "response_disrupted": false, "operationally_affected": true }, "geometry": { "type": "Point", "coordinates": [ 36.7964808, -1.2667439 ] } },
{ "type": "Feature", "properties": { "facility_id": "facility_0097", "facility_type": "Clinic", "facility_name": "Bliss GVS Health Care (college House)", "network_node": 260574141, "flood_impact": 0.47367306363408129, "flood_impact_class": "Low", "physically_affected": false, "reachable": true, "response_time_min": 7.2178367281803304, "route_edges": [ "road_003696", "road_004162", "road_003824", "road_003826", "road_006013", "road_004188", "road_004191", "road_006020", "road_003048", "road_003050", "road_003053", "road_000983", "road_000985", "road_004154", "road_003080", "road_003082", "road_003641", "road_005584", "road_005585", "road_005595", "road_004645", "road_004646", "road_005843", "road_005590", "road_000187", "road_000190", "road_000326", "road_000279", "road_000192", "road_000197", "road_000215", "road_004767", "road_000202", "road_000204", "road_000089", "road_000080", "road_000086", "road_000096", "road_000099", "road_003839", "road_003841", "road_006597", "road_003520", "road_000058", "road_000056", "road_000386", "road_001421", "road_001408", "road_001410", "road_000372", "road_000375", "road_000377", "road_000379" ], "normal_response_time_min": 6.4873954764060047, "normal_reachable": true, "response_delay_min": 0.73044125177432573, "access_status": "Accessible", "response_disrupted": false, "operationally_affected": false }, "geometry": { "type": "Point", "coordinates": [ 36.8154496, -1.2813167 ] } },
{ "type": "Feature", "properties": { "facility_id": "facility_0098", "facility_type": "Clinic", "facility_name": "Dr.Joy P.Mpaata", "network_node": 6330660351, "flood_impact": 0.43536862102156215, "flood_impact_class": "Low", "physically_affected": false, "reachable": true, "response_time_min": 4.067669993392899, "route_edges": [ "road_003696", "road_004162", "road_003824", "road_003826", "road_006013", "road_004188", "road_004191", "road_006020", "road_003048", "road_003050", "road_003053", "road_000983", "road_000985", "road_004154", "road_003080", "road_003082", "road_003641", "road_005584", "road_005585", "road_005595", "road_004645", "road_004647", "road_005837", "road_005839" ], "normal_response_time_min": 3.0714445325804509, "normal_reachable": true, "response_delay_min": 0.99622546081244812, "access_status": "Accessible", "response_disrupted": false, "operationally_affected": false }, "geometry": { "type": "Point", "coordinates": [ 36.802938, -1.295447 ] } },
{ "type": "Feature", "properties": { "facility_id": "facility_0099", "facility_type": "Clinic", "facility_name": "Beta Care Setlite clinic", "network_node": 6274729033, "flood_impact": 0.59791765373147288, "flood_impact_class": "Moderate", "physically_affected": true, "reachable": true, "response_time_min": 11.654675466043004, "route_edges": [ "road_003696", "road_004162", "road_003824", "road_003826", "road_006013", "road_004188", "road_004191", "road_006020", "road_003048", "road_003050", "road_003053", "road_000983", "road_000985", "road_004154", "road_003080", "road_003082", "road_003641", "road_005584", "road_005585", "road_005595", "road_004645", "road_004646", "road_005843", "road_005590", "road_000187", "road_000190", "road_000326", "road_000279", "road_000192", "road_000197", "road_000215", "road_004767", "road_000202", "road_000204", "road_000089", "road_000080", "road_000086", "road_000096", "road_000099", "road_003839", "road_003841", "road_006597", "road_003520", "road_000058", "road_000056", "road_000386", "road_001421", "road_001409", "road_001411", "road_001412", "road_003650", "road_003653", "road_003661", "road_004175", "road_003782", "road_001897", "road_003544", "road_005835", "road_000979", "road_000980", "road_003546", "road_003549", "road_000892", "road_000850", "road_000853", "road_000890", "road_005993", "road_006012", "road_006146", "road_006165", "road_004966", "road_006145", "road_006148", "road_000911", "road_000919", "road_004765", "road_006291", "road_000937", "road_004197", "road_000928", "road_000923", "road_004302", "road_000960", "road_002866", "road_004889", "road_002847", "road_004195", "road_000949", "road_000942", "road_000946", "road_002943", "road_002946", "road_003596", "road_001756" ], "normal_response_time_min": 9.6985088266831578, "normal_reachable": true, "response_delay_min": 1.9561666393598465, "access_status": "Disrupted", "response_disrupted": true, "operationally_affected": true }, "geometry": { "type": "Point", "coordinates": [ 36.8273072, -1.2775392 ] } },
{ "type": "Feature", "properties": { "facility_id": "facility_0100", "facility_type": "Clinic", "facility_name": "Blessed to Bless Medical Clinic", "network_node": 30142925, "flood_impact": 0.6471082371603869, "flood_impact_class": "High", "physically_affected": true, "reachable": true, "response_time_min": 7.2806779631994747, "route_edges": [ "road_003696", "road_004162", "road_003824", "road_003826", "road_006013", "road_004188", "road_004191", "road_006020", "road_003048", "road_003050", "road_003053", "road_000983", "road_000985", "road_004154", "road_003080", "road_003082", "road_003641", "road_005584", "road_005585", "road_005595", "road_004645", "road_004646", "road_005843", "road_005590", "road_000187", "road_000190", "road_000326", "road_000279", "road_000192", "road_000197", "road_000215", "road_004767", "road_000202", "road_000204", "road_000089", "road_000080", "road_000086", "road_000096", "road_000099", "road_003839", "road_003841", "road_006597", "road_003520", "road_000058", "road_000056", "road_000386", "road_001421", "road_001409", "road_001411", "road_001413", "road_001414", "road_001415", "road_000235", "road_000229", "road_000231" ], "normal_response_time_min": 6.4296621342219451, "normal_reachable": true, "response_delay_min": 0.85101582897752959, "access_status": "Accessible", "response_disrupted": false, "operationally_affected": true }, "geometry": { "type": "Point", "coordinates": [ 36.8196235, -1.2918353 ] } },
{ "type": "Feature", "properties": { "facility_id": "facility_0101", "facility_type": "Hospital", "facility_name": "Eastend Doctors", "network_node": 282171936, "flood_impact": null, "flood_impact_class": "No Data", "physically_affected": false, "reachable": true, "response_time_min": 15.53618739281978, "route_edges": [ "road_003696", "road_004162", "road_003824", "road_003826", "road_006013", "road_004188", "road_004191", "road_006020", "road_003048", "road_003050", "road_003053", "road_000983", "road_000985", "road_004154", "road_003080", "road_003082", "road_003641", "road_005584", "road_005585", "road_005595", "road_004645", "road_004646", "road_005843", "road_005590", "road_000187", "road_000190", "road_000326", "road_000279", "road_000192", "road_000197", "road_000215", "road_004767", "road_000202", "road_000204", "road_000089", "road_000080", "road_000086", "road_000096", "road_000099", "road_003839", "road_003841", "road_006597", "road_003520", "road_000058", "road_000056", "road_000386", "road_001421", "road_001409", "road_001411", "road_001412", "road_003650", "road_003653", "road_003661", "road_004175", "road_003782", "road_001897", "road_003544", "road_005835", "road_000979", "road_000980", "road_003546", "road_003549", "road_000892", "road_000850", "road_000853", "road_000890", "road_005993", "road_006011", "road_002952", "road_002953", "road_003746", "road_000736", "road_000737", "road_000739", "road_001517", "road_000794", "road_000796", "road_000791", "road_000792", "road_000801", "road_001501", "road_005523", "road_005526", "road_001533", "road_001531", "road_001527", "road_001529", "road_006162", "road_002128", "road_001524", "road_001525", "road_001513", "road_001516", "road_002081", "road_001661", "road_001664", "road_005024", "road_004732", "road_004828", "road_004725", "road_004720", "road_003586", "road_002219", "road_002529", "road_002522", "road_002527", "road_002554", "road_002557", "road_002565" ], "normal_response_time_min": 12.693500405045251, "normal_reachable": true, "response_delay_min": 2.8426869877745293, "access_status": "Severely Disrupted", "response_disrupted": true, "operationally_affected": true }, "geometry": { "type": "Point", "coordinates": [ 36.8435184, -1.2727366 ] } },
{ "type": "Feature", "properties": { "facility_id": "facility_0102", "facility_type": "Clinic", "facility_name": "Equity Afia Biashara Street", "network_node": 566601518, "flood_impact": 0.57792659500949783, "flood_impact_class": "Moderate", "physically_affected": true, "reachable": true, "response_time_min": 7.5547359554499192, "route_edges": [ "road_003696", "road_004162", "road_003824", "road_003826", "road_006013", "road_004188", "road_004191", "road_006020", "road_003048", "road_003050", "road_003053", "road_000983", "road_000985", "road_004154", "road_003080", "road_003082", "road_003641", "road_005584", "road_005585", "road_005595", "road_004645", "road_004646", "road_005843", "road_005590", "road_000187", "road_000190", "road_000326", "road_000279", "road_000192", "road_000197", "road_000215", "road_004767", "road_000202", "road_000204", "road_000089", "road_000080", "road_000086", "road_000096", "road_000099", "road_003839", "road_003841", "road_006597", "road_003520", "road_000058", "road_000056", "road_000386", "road_001421", "road_001409", "road_001411", "road_001412", "road_003652", "road_003648", "road_002434", "road_003643", "road_002427", "road_002423", "road_001922", "road_003666", "road_003672", "road_002425" ], "normal_response_time_min": 6.5176453993330643, "normal_reachable": true, "response_delay_min": 1.0370905561168549, "access_status": "Disrupted", "response_disrupted": true, "operationally_affected": true }, "geometry": { "type": "Point", "coordinates": [ 36.8178684, -1.2821334 ] } },
{ "type": "Feature", "properties": { "facility_id": "facility_0103", "facility_type": "Clinic", "facility_name": "Genessaret Clinic", "network_node": 9764595654, "flood_impact": 0.57042607047346505, "flood_impact_class": "Moderate", "physically_affected": true, "reachable": true, "response_time_min": 9.2822305739887767, "route_edges": [ "road_003696", "road_004162", "road_003824", "road_003826", "road_006013", "road_004188", "road_004191", "road_006020", "road_003048", "road_003050", "road_003053", "road_000983", "road_000985", "road_004154", "road_003080", "road_003082", "road_003641", "road_005584", "road_005585", "road_005595", "road_004645", "road_004646", "road_005843", "road_005590", "road_000187", "road_000190", "road_000326", "road_000279", "road_000192", "road_000197", "road_000216", "road_004769", "road_000255", "road_000249", "road_000252", "road_000262", "road_000264", "road_005702", "road_000268", "road_006700", "road_006384", "road_006383", "road_002996", "road_002998", "road_002991", "road_002989", "road_002993", "road_002961", "road_002957", "road_002959", "road_003701", "road_002967", "road_002969" ], "normal_response_time_min": 6.396770969515539, "normal_reachable": true, "response_delay_min": 2.8854596044732377, "access_status": "Severely Disrupted", "response_disrupted": true, "operationally_affected": true }, "geometry": { "type": "Point", "coordinates": [ 36.8197254, -1.2921061 ] } },
{ "type": "Feature", "properties": { "facility_id": "facility_0104", "facility_type": "Hospital", "facility_name": "Frontline Medical Consultants limited", "network_node": 6369423490, "flood_impact": 0.51195699101327941, "flood_impact_class": "Low", "physically_affected": false, "reachable": true, "response_time_min": 3.4387111231125882, "route_edges": [ "road_003696", "road_004162", "road_003824", "road_003826", "road_006013", "road_004188", "road_004191", "road_006020", "road_003048", "road_003050", "road_003053", "road_000983", "road_000985", "road_004154", "road_003080", "road_003082", "road_003641", "road_005584", "road_005585", "road_005595", "road_004645" ], "normal_response_time_min": 3.4387111231125882, "normal_reachable": true, "response_delay_min": 0.0, "access_status": "Accessible", "response_disrupted": false, "operationally_affected": false }, "geometry": { "type": "Point", "coordinates": [ 36.805975, -1.295706 ] } },
{ "type": "Feature", "properties": { "facility_id": "facility_0105", "facility_type": "Clinic", "facility_name": "Euraka Medical Centre", "network_node": 9764595654, "flood_impact": 0.61732301314322602, "flood_impact_class": "High", "physically_affected": true, "reachable": true, "response_time_min": 9.2822305739887767, "route_edges": [ "road_003696", "road_004162", "road_003824", "road_003826", "road_006013", "road_004188", "road_004191", "road_006020", "road_003048", "road_003050", "road_003053", "road_000983", "road_000985", "road_004154", "road_003080", "road_003082", "road_003641", "road_005584", "road_005585", "road_005595", "road_004645", "road_004646", "road_005843", "road_005590", "road_000187", "road_000190", "road_000326", "road_000279", "road_000192", "road_000197", "road_000216", "road_004769", "road_000255", "road_000249", "road_000252", "road_000262", "road_000264", "road_005702", "road_000268", "road_006700", "road_006384", "road_006383", "road_002996", "road_002998", "road_002991", "road_002989", "road_002993", "road_002961", "road_002957", "road_002959", "road_003701", "road_002967", "road_002969" ], "normal_response_time_min": 6.396770969515539, "normal_reachable": true, "response_delay_min": 2.8854596044732377, "access_status": "Severely Disrupted", "response_disrupted": true, "operationally_affected": true }, "geometry": { "type": "Point", "coordinates": [ 36.8198273, -1.2922187 ] } },
{ "type": "Feature", "properties": { "facility_id": "facility_0106", "facility_type": "Clinic", "facility_name": "Harley Street Fertility Centre Kenya Ltd.", "network_node": 6247128047, "flood_impact": 0.65042141935613951, "flood_impact_class": "High", "physically_affected": true, "reachable": true, "response_time_min": 13.998585094810748, "route_edges": [ "road_003696", "road_004162", "road_003824", "road_003826", "road_006013", "road_004188", "road_004191", "road_006020", "road_003048", "road_003050", "road_003053", "road_000983", "road_000985", "road_004154", "road_003080", "road_003082", "road_003641", "road_005584", "road_005585", "road_005595", "road_004645", "road_004646", "road_005843", "road_005590", "road_000187", "road_000190", "road_000326", "road_000279", "road_000192", "road_000197", "road_000215", "road_004767", "road_000202", "road_000204", "road_000089", "road_000080", "road_000086", "road_000096", "road_000099", "road_003839", "road_003841", "road_006597", "road_003520", "road_000058", "road_000056", "road_000386", "road_001421", "road_001408", "road_001410", "road_000372", "road_000375", "road_000376", "road_000378", "road_001335", "road_001337", "road_000424", "road_001194", "road_004609", "road_001785", "road_002923", "road_006075", "road_005157", "road_001341", "road_001343", "road_006191", "road_004716", "road_004612", "road_004613", "road_004711", "road_004703", "road_004706", "road_003820", "road_003814" ], "normal_response_time_min": 11.043315895169803, "normal_reachable": true, "response_delay_min": 2.955269199640945, "access_status": "Severely Disrupted", "response_disrupted": true, "operationally_affected": true }, "geometry": { "type": "Point", "coordinates": [ 36.8374752, -1.2613093 ] } },
{ "type": "Feature", "properties": { "facility_id": "facility_0107", "facility_type": "Hospital", "facility_name": "Hayat Hospital", "network_node": 282171453, "flood_impact": null, "flood_impact_class": "No Data", "physically_affected": false, "reachable": true, "response_time_min": 14.245732551995816, "route_edges": [ "road_003696", "road_004162", "road_003824", "road_003826", "road_006013", "road_004188", "road_004191", "road_006020", "road_003048", "road_003050", "road_003053", "road_000983", "road_000985", "road_004154", "road_003080", "road_003082", "road_003641", "road_005584", "road_005585", "road_005595", "road_004645", "road_004646", "road_005843", "road_005590", "road_000187", "road_000190", "road_000326", "road_000279", "road_000192", "road_000197", "road_000215", "road_004767", "road_000202", "road_000204", "road_000089", "road_000080", "road_000086", "road_000096", "road_000099", "road_003839", "road_003841", "road_006597", "road_003520", "road_000058", "road_000056", "road_000386", "road_001421", "road_001409", "road_001411", "road_001412", "road_003650", "road_003653", "road_003661", "road_004175", "road_003782", "road_001897", "road_003544", "road_005835", "road_000979", "road_000980", "road_003546", "road_003549", "road_000892", "road_000850", "road_000853", "road_000890", "road_005993", "road_006011", "road_002952", "road_002953", "road_003746", "road_000736", "road_000737", "road_000739", "road_001517", "road_000794", "road_000796", "road_000791", "road_000792", "road_000801", "road_001501", "road_005523", "road_005526", "road_001533", "road_001531", "road_001527", "road_001529", "road_006162", "road_002128", "road_001524", "road_001525", "road_001513", "road_001516", "road_002081", "road_001661", "road_001664", "road_005024", "road_004732", "road_004828", "road_004725", "road_004720", "road_003586", "road_002220" ], "normal_response_time_min": 11.406838427716997, "normal_reachable": true, "response_delay_min": 2.8388941242788199, "access_status": "Severely Disrupted", "response_disrupted": true, "operationally_affected": true }, "geometry": { "type": "Point", "coordinates": [ 36.8420883, -1.2741825 ] } },
{ "type": "Feature", "properties": { "facility_id": "facility_0108", "facility_type": "Clinic", "facility_name": "Hashi Medical Centre Limited", "network_node": 6397781020, "flood_impact": 0.31719468926138628, "flood_impact_class": "Low", "physically_affected": false, "reachable": true, "response_time_min": 11.032432237926226, "route_edges": [ "road_003696", "road_004162", "road_003824", "road_003826", "road_006013", "road_004188", "road_004191", "road_006020", "road_003048", "road_003050", "road_003053", "road_000983", "road_000985", "road_004154", "road_003080", "road_003082", "road_003641", "road_005584", "road_005585", "road_005595", "road_004645", "road_004646", "road_005843", "road_005590", "road_000187", "road_000190", "road_000326", "road_000279", "road_000192", "road_000197", "road_000215", "road_004767", "road_000202", "road_000204", "road_000089", "road_000080", "road_000086", "road_000096", "road_000099", "road_003839", "road_003841", "road_006597", "road_003520", "road_000058", "road_000056", "road_000386", "road_001421", "road_001408", "road_001410", "road_000372", "road_000375", "road_000376", "road_000378", "road_001335", "road_001337", "road_000423", "road_000422", "road_000428", "road_000416", "road_000594", "road_002044", "road_000490", "road_000485", "road_000492", "road_000507", "road_000501", "road_000504" ], "normal_response_time_min": 10.03916408116374, "normal_reachable": true, "response_delay_min": 0.99326815676248614, "access_status": "Accessible", "response_disrupted": false, "operationally_affected": false }, "geometry": { "type": "Point", "coordinates": [ 36.8066001, -1.2638579 ] } },
{ "type": "Feature", "properties": { "facility_id": "facility_0109", "facility_type": "Clinic", "facility_name": "Havans Medical Centre", "network_node": 9764595654, "flood_impact": 0.57042607047346505, "flood_impact_class": "Moderate", "physically_affected": true, "reachable": true, "response_time_min": 9.2822305739887767, "route_edges": [ "road_003696", "road_004162", "road_003824", "road_003826", "road_006013", "road_004188", "road_004191", "road_006020", "road_003048", "road_003050", "road_003053", "road_000983", "road_000985", "road_004154", "road_003080", "road_003082", "road_003641", "road_005584", "road_005585", "road_005595", "road_004645", "road_004646", "road_005843", "road_005590", "road_000187", "road_000190", "road_000326", "road_000279", "road_000192", "road_000197", "road_000216", "road_004769", "road_000255", "road_000249", "road_000252", "road_000262", "road_000264", "road_005702", "road_000268", "road_006700", "road_006384", "road_006383", "road_002996", "road_002998", "road_002991", "road_002989", "road_002993", "road_002961", "road_002957", "road_002959", "road_003701", "road_002967", "road_002969" ], "normal_response_time_min": 6.396770969515539, "normal_reachable": true, "response_delay_min": 2.8854596044732377, "access_status": "Severely Disrupted", "response_disrupted": true, "operationally_affected": true }, "geometry": { "type": "Point", "coordinates": [ 36.819752200000011, -1.2920659 ] } },
{ "type": "Feature", "properties": { "facility_id": "facility_0110", "facility_type": "Hospital", "facility_name": "Health Gate Hospital", "network_node": 6172894942, "flood_impact": null, "flood_impact_class": "No Data", "physically_affected": false, "reachable": true, "response_time_min": 12.915754740341162, "route_edges": [ "road_003696", "road_004162", "road_003824", "road_003826", "road_006013", "road_004188", "road_004191", "road_006020", "road_003048", "road_003050", "road_003053", "road_000983", "road_000985", "road_004154", "road_003080", "road_003082", "road_003641", "road_005584", "road_005585", "road_005595", "road_004645", "road_004646", "road_005843", "road_005590", "road_000187", "road_000190", "road_000326", "road_000279", "road_000192", "road_000197", "road_000215", "road_004767", "road_000202", "road_000204", "road_000089", "road_000080", "road_000086", "road_000096", "road_000099", "road_003839", "road_003841", "road_006597", "road_003520", "road_000058", "road_000056", "road_000386", "road_001421", "road_001409", "road_001411", "road_001412", "road_003650", "road_003653", "road_003661", "road_004175", "road_003782", "road_001897", "road_003544", "road_005835", "road_000979", "road_000980", "road_003546", "road_003549", "road_000892", "road_000850", "road_000853", "road_000890", "road_005993", "road_006011", "road_002952", "road_002953", "road_003746", "road_000736", "road_000737", "road_000739", "road_001517", "road_000794", "road_000796", "road_000791", "road_000792", "road_000801", "road_001501", "road_005523", "road_005526", "road_001533", "road_001531", "road_001527", "road_001529", "road_006162", "road_002128", "road_001524", "road_001525", "road_001512", "road_001514", "road_004252", "road_004692", "road_003590", "road_005486" ], "normal_response_time_min": 10.753404588735604, "normal_reachable": true, "response_delay_min": 2.1623501516055583, "access_status": "Severely Disrupted", "response_disrupted": true, "operationally_affected": true }, "geometry": { "type": "Point", "coordinates": [ 36.8461108, -1.2796498 ] } },
{ "type": "Feature", "properties": { "facility_id": "facility_0111", "facility_type": "Clinic", "facility_name": "International Health Care Limited", "network_node": 7843839192, "flood_impact": 0.54729953052246161, "flood_impact_class": "Moderate", "physically_affected": true, "reachable": true, "response_time_min": 9.9602916673220534, "route_edges": [ "road_003696", "road_004162", "road_003824", "road_003826", "road_006013", "road_004188", "road_004191", "road_006020", "road_003048", "road_003050", "road_003053", "road_000983", "road_000985", "road_004154", "road_003080", "road_003082", "road_003641", "road_005584", "road_005585", "road_005595", "road_004645", "road_004646", "road_005843", "road_005590", "road_000187", "road_000190", "road_000326", "road_000279", "road_000192", "road_000197", "road_000215", "road_004767", "road_000202", "road_000204", "road_000089", "road_000080", "road_000086", "road_000096", "road_000099", "road_003839", "road_003841", "road_006597", "road_003520", "road_000058", "road_000056", "road_000386", "road_001421", "road_001409", "road_001411", "road_001412", "road_003650", "road_003653", "road_003661", "road_004175", "road_003782", "road_001897", "road_003544", "road_005835", "road_000979", "road_000980", "road_003546", "road_003549", "road_000892", "road_000850", "road_000853", "road_000890", "road_005993", "road_006011", "road_002952", "road_002953", "road_003746", "road_000736", "road_000737", "road_000739", "road_001517", "road_000794", "road_000796", "road_000791", "road_000792", "road_000800", "road_003472", "road_003462" ], "normal_response_time_min": 8.0183205782385301, "normal_reachable": true, "response_delay_min": 1.9419710890835233, "access_status": "Disrupted", "response_disrupted": true, "operationally_affected": true }, "geometry": { "type": "Point", "coordinates": [ 36.8315803, -1.2847801 ] } },
{ "type": "Feature", "properties": { "facility_id": "facility_0112", "facility_type": "Clinic", "facility_name": "Lengo Medical Clinic", "network_node": 1801542218, "flood_impact": null, "flood_impact_class": "No Data", "physically_affected": false, "reachable": true, "response_time_min": 10.642596193034747, "route_edges": [ "road_003696", "road_004162", "road_003824", "road_003826", "road_006014", "road_006019", "road_006432", "road_005532", "road_004102", "road_003697", "road_003699", "road_003690", "road_003692", "road_000171", "road_000173", "road_005710", "road_005971", "road_001876", "road_001879", "road_000152", "road_000146", "road_000139", "road_000143", "road_001986", "road_001985", "road_001989", "road_005047", "road_005048", "road_001996", "road_001977", "road_001963", "road_001966", "road_001971", "road_001978", "road_001955", "road_001947", "road_001952", "road_004532" ], "normal_response_time_min": 9.3515136086174309, "normal_reachable": true, "response_delay_min": 1.2910825844173157, "access_status": "Disrupted", "response_disrupted": true, "operationally_affected": true }, "geometry": { "type": "Point", "coordinates": [ 36.8446564, -1.3118073 ] } },
{ "type": "Feature", "properties": { "facility_id": "facility_0113", "facility_type": "Clinic", "facility_name": "Lagos Road Dispensary", "network_node": 10873342304, "flood_impact": 0.59758877834350121, "flood_impact_class": "Moderate", "physically_affected": true, "reachable": true, "response_time_min": 7.7654653720475544, "route_edges": [ "road_003696", "road_004162", "road_003824", "road_003826", "road_006013", "road_004188", "road_004191", "road_006020", "road_003048", "road_003050", "road_003053", "road_000983", "road_000985", "road_004154", "road_003080", "road_003082", "road_003641", "road_005584", "road_005585", "road_005595", "road_004645", "road_004646", "road_005843", "road_005590", "road_000187", "road_000190", "road_000326", "road_000279", "road_000192", "road_000197", "road_000215", "road_004767", "road_000202", "road_000204", "road_000089", "road_000080", "road_000086", "road_000096", "road_000099", "road_003839", "road_003841", "road_006597", "road_003520", "road_000058", "road_000056", "road_000386", "road_001421", "road_001409", "road_001411", "road_001412", "road_003650", "road_003653", "road_003661", "road_004175", "road_003782", "road_001897", "road_003544", "road_005836" ], "normal_response_time_min": 6.914851074755342, "normal_reachable": true, "response_delay_min": 0.85061429729221238, "access_status": "Accessible", "response_disrupted": false, "operationally_affected": true }, "geometry": { "type": "Point", "coordinates": [ 36.8217337, -1.2820159 ] } },
{ "type": "Feature", "properties": { "facility_id": "facility_0114", "facility_type": "Clinic", "facility_name": "Exselle Health Care", "network_node": 9764595654, "flood_impact": 0.57042607047346505, "flood_impact_class": "Moderate", "physically_affected": true, "reachable": true, "response_time_min": 9.2822305739887767, "route_edges": [ "road_003696", "road_004162", "road_003824", "road_003826", "road_006013", "road_004188", "road_004191", "road_006020", "road_003048", "road_003050", "road_003053", "road_000983", "road_000985", "road_004154", "road_003080", "road_003082", "road_003641", "road_005584", "road_005585", "road_005595", "road_004645", "road_004646", "road_005843", "road_005590", "road_000187", "road_000190", "road_000326", "road_000279", "road_000192", "road_000197", "road_000216", "road_004769", "road_000255", "road_000249", "road_000252", "road_000262", "road_000264", "road_005702", "road_000268", "road_006700", "road_006384", "road_006383", "road_002996", "road_002998", "road_002991", "road_002989", "road_002993", "road_002961", "road_002957", "road_002959", "road_003701", "road_002967", "road_002969" ], "normal_response_time_min": 6.396770969515539, "normal_reachable": true, "response_delay_min": 2.8854596044732377, "access_status": "Severely Disrupted", "response_disrupted": true, "operationally_affected": true }, "geometry": { "type": "Point", "coordinates": [ 36.8198005, -1.2921463 ] } },
{ "type": "Feature", "properties": { "facility_id": "facility_0115", "facility_type": "Hospital", "facility_name": "Jemindas Nursing Home Limited", "network_node": 6171147767, "flood_impact": 0.51227953572250506, "flood_impact_class": "Low", "physically_affected": false, "reachable": true, "response_time_min": 10.218773934489706, "route_edges": [ "road_003696", "road_004162", "road_003824", "road_003826", "road_006013", "road_004188", "road_004191", "road_006020", "road_003048", "road_003050", "road_003053", "road_000983", "road_000985", "road_004154", "road_003080", "road_003082", "road_003641", "road_005584", "road_005585", "road_005595", "road_004645", "road_004646", "road_005843", "road_005590", "road_000187", "road_000190", "road_000326", "road_000279", "road_000192", "road_000197", "road_000215", "road_004767", "road_000202", "road_000204", "road_000089", "road_000080", "road_000086", "road_000096", "road_000099", "road_003839", "road_003841", "road_006597", "road_003520", "road_000058", "road_000056", "road_000386", "road_001421", "road_001408", "road_001410", "road_000372", "road_000375", "road_000376", "road_000378", "road_001335", "road_001337", "road_000423", "road_000422", "road_000428", "road_000416", "road_000593" ], "normal_response_time_min": 9.4883326827153809, "normal_reachable": true, "response_delay_min": 0.73044125177432484, "access_status": "Accessible", "response_disrupted": false, "operationally_affected": false }, "geometry": { "type": "Point", "coordinates": [ 36.809828, -1.2675001 ] } },
{ "type": "Feature", "properties": { "facility_id": "facility_0116", "facility_type": "Hospital", "facility_name": "The Nairobi South Hospital", "network_node": 280793507, "flood_impact": null, "flood_impact_class": "No Data", "physically_affected": false, "reachable": true, "response_time_min": 6.3367855419152557, "route_edges": [ "road_003696", "road_004162", "road_003824", "road_003826", "road_006014", "road_006019", "road_006432", "road_005532", "road_004102", "road_003697", "road_003699", "road_003690", "road_003692", "road_000171", "road_000173", "road_005710", "road_005971", "road_001876", "road_001879", "road_000152", "road_000146", "road_000139", "road_000143" ], "normal_response_time_min": 6.3001716066910101, "normal_reachable": true, "response_delay_min": 0.036613935224245608, "access_status": "Accessible", "response_disrupted": false, "operationally_affected": false }, "geometry": { "type": "Point", "coordinates": [ 36.8283841, -1.3136574 ] } },
{ "type": "Feature", "properties": { "facility_id": "facility_0117", "facility_type": "Hospital", "facility_name": "Mediheal Group of Hospitals - Parklands", "network_node": 260360195, "flood_impact": 0.73816655068335768, "flood_impact_class": "Very High", "physically_affected": true, "reachable": true, "response_time_min": 12.620283695253544, "route_edges": [ "road_003696", "road_004162", "road_003824", "road_003826", "road_006013", "road_004188", "road_004191", "road_006020", "road_003048", "road_003050", "road_003053", "road_000983", "road_000985", "road_004154", "road_003080", "road_003082", "road_003641", "road_005584", "road_005585", "road_005595", "road_004645", "road_004646", "road_005843", "road_005590", "road_000187", "road_000190", "road_000326", "road_000279", "road_000192", "road_000197", "road_000215", "road_004767", "road_000202", "road_000204", "road_000089", "road_000080", "road_000086", "road_000096", "road_000099", "road_003839", "road_003841", "road_006597", "road_003520", "road_000058", "road_000056", "road_000386", "road_001421", "road_001408", "road_001410", "road_000372", "road_000375", "road_000376", "road_000378", "road_001335", "road_001337", "road_000424", "road_001194", "road_004609", "road_001785", "road_002923", "road_006076", "road_006077", "road_004604", "road_004736", "road_001290", "road_005788", "road_005796", "road_005789", "road_001278" ], "normal_response_time_min": 11.033186627209572, "normal_reachable": true, "response_delay_min": 1.5870970680439722, "access_status": "Disrupted", "response_disrupted": true, "operationally_affected": true }, "geometry": { "type": "Point", "coordinates": [ 36.8225785, -1.2621628 ] } },
{ "type": "Feature", "properties": { "facility_id": "facility_0118", "facility_type": "Clinic", "facility_name": "Nairobi Radiology Clinic", "network_node": 8523041704, "flood_impact": 0.55735907539682328, "flood_impact_class": "Moderate", "physically_affected": true, "reachable": true, "response_time_min": 8.0012785046669261, "route_edges": [ "road_003696", "road_004162", "road_003824", "road_003826", "road_006013", "road_004188", "road_004191", "road_006021", "road_003051", "road_003075", "road_003071", "road_003058", "road_003057", "road_003064", "road_000134", "road_000132", "road_000137", "road_005542", "road_003283", "road_003278", "road_003286", "road_003535", "road_003320", "road_000306", "road_000301", "road_000296" ], "normal_response_time_min": 3.9294906672229319, "normal_reachable": true, "response_delay_min": 4.0717878374439938, "access_status": "Severely Disrupted", "response_disrupted": true, "operationally_affected": true }, "geometry": { "type": "Point", "coordinates": [ 36.7979924, -1.2954532 ] } },
{ "type": "Feature", "properties": { "facility_id": "facility_0119", "facility_type": "Medical Centre", "facility_name": "KNH Doctors' Plaza", "network_node": 3029571441, "flood_impact": 0.60840763445960055, "flood_impact_class": "High", "physically_affected": true, "reachable": true, "response_time_min": 4.893879747169235, "route_edges": [ "road_003696", "road_004162", "road_003824", "road_003826", "road_006013", "road_004188", "road_004191", "road_006020", "road_003048", "road_003050", "road_003054", "road_005593", "road_004894", "road_005725", "road_005829", "road_006437", "road_006471", "road_005200", "road_005196", "road_003241" ], "normal_response_time_min": 4.893879747169235, "normal_reachable": true, "response_delay_min": 0.0, "access_status": "Accessible", "response_disrupted": false, "operationally_affected": true }, "geometry": { "type": "Point", "coordinates": [ 36.8074766, -1.3018962 ] } },
{ "type": "Feature", "properties": { "facility_id": "facility_0120", "facility_type": "Hospital", "facility_name": "beyond zero hospital", "network_node": 612008259, "flood_impact": null, "flood_impact_class": "No Data", "physically_affected": false, "reachable": true, "response_time_min": 3.7959470647761662, "route_edges": [ "road_003696", "road_004162", "road_003824", "road_003826", "road_006013", "road_004188", "road_004191", "road_006021", "road_003051", "road_003074", "road_003046", "road_003039", "road_003043", "road_003261", "road_003805", "road_003804" ], "normal_response_time_min": 3.7959470647761662, "normal_reachable": true, "response_delay_min": 0.0, "access_status": "Accessible", "response_disrupted": false, "operationally_affected": false }, "geometry": { "type": "Point", "coordinates": [ 36.7915192, -1.3144186 ] } },
{ "type": "Feature", "properties": { "facility_id": "facility_0121", "facility_type": "Hospital", "facility_name": "outreach", "network_node": 489246621, "flood_impact": null, "flood_impact_class": "No Data", "physically_affected": false, "reachable": true, "response_time_min": 4.443770608894356, "route_edges": [ "road_003696", "road_004162", "road_003824", "road_003826", "road_006013", "road_004188", "road_004191", "road_006021", "road_003051", "road_003074", "road_003046", "road_003039", "road_003043", "road_003259", "road_003258", "road_003263" ], "normal_response_time_min": 4.0308366017705355, "normal_reachable": true, "response_delay_min": 0.41293400712382056, "access_status": "Accessible", "response_disrupted": false, "operationally_affected": false }, "geometry": { "type": "Point", "coordinates": [ 36.7927081, -1.3115091 ] } },
{ "type": "Feature", "properties": { "facility_id": "facility_0122", "facility_type": "Hospital", "facility_name": "mater hospital", "network_node": 6370771355, "flood_impact": 0.69264416279401575, "flood_impact_class": "Very High", "physically_affected": true, "reachable": true, "response_time_min": 8.7046078358123644, "route_edges": [ "road_003696", "road_004162", "road_003824", "road_003826", "road_006013", "road_004188", "road_004191", "road_006020", "road_003048", "road_003050", "road_003053", "road_000983", "road_000985", "road_004154", "road_003080", "road_003082", "road_003641", "road_005584", "road_005585", "road_005595", "road_004645", "road_004646", "road_005843", "road_005590", "road_000187", "road_000190", "road_000326", "road_000279", "road_000192", "road_000197", "road_000215", "road_004767", "road_000202", "road_000204", "road_000089", "road_000080", "road_000086", "road_000096", "road_000099", "road_003839", "road_003841", "road_006597", "road_003520", "road_000058", "road_000056", "road_000386", "road_001421", "road_001409", "road_001411", "road_001412", "road_003650", "road_003653", "road_003661", "road_004175", "road_003782", "road_001897", "road_003544", "road_005835", "road_000979", "road_000980", "road_003546", "road_003549", "road_000892", "road_000850", "road_000853", "road_000890", "road_005993", "road_006012" ], "normal_response_time_min": 6.820574160061935, "normal_reachable": true, "response_delay_min": 1.8840336757504295, "access_status": "Disrupted", "response_disrupted": true, "operationally_affected": true }, "geometry": { "type": "Point", "coordinates": [ 36.8272924, -1.2880488 ] } },
{ "type": "Feature", "properties": { "facility_id": "facility_0123", "facility_type": "Hospital", "facility_name": "Nairobi hospital", "network_node": 6164194177, "flood_impact": 0.63895909105311477, "flood_impact_class": "High", "physically_affected": true, "reachable": true, "response_time_min": 2.721408214632107, "route_edges": [ "road_003696", "road_004162", "road_003824", "road_003826", "road_006013", "road_004188", "road_004191", "road_006020", "road_003048", "road_003050", "road_003053", "road_000983", "road_000985", "road_004154", "road_003080", "road_003082", "road_003641", "road_005584" ], "normal_response_time_min": 2.721408214632107, "normal_reachable": true, "response_delay_min": 0.0, "access_status": "Accessible", "response_disrupted": false, "operationally_affected": true }, "geometry": { "type": "Point", "coordinates": [ 36.8037051, -1.2963897 ] } },
{ "type": "Feature", "properties": { "facility_id": "facility_0124", "facility_type": "Clinic", "facility_name": "Euraka clinic", "network_node": 9764595654, "flood_impact": 0.61732301314322602, "flood_impact_class": "High", "physically_affected": true, "reachable": true, "response_time_min": 9.2822305739887767, "route_edges": [ "road_003696", "road_004162", "road_003824", "road_003826", "road_006013", "road_004188", "road_004191", "road_006020", "road_003048", "road_003050", "road_003053", "road_000983", "road_000985", "road_004154", "road_003080", "road_003082", "road_003641", "road_005584", "road_005585", "road_005595", "road_004645", "road_004646", "road_005843", "road_005590", "road_000187", "road_000190", "road_000326", "road_000279", "road_000192", "road_000197", "road_000216", "road_004769", "road_000255", "road_000249", "road_000252", "road_000262", "road_000264", "road_005702", "road_000268", "road_006700", "road_006384", "road_006383", "road_002996", "road_002998", "road_002991", "road_002989", "road_002993", "road_002961", "road_002957", "road_002959", "road_003701", "road_002967", "road_002969" ], "normal_response_time_min": 6.396770969515539, "normal_reachable": true, "response_delay_min": 2.8854596044732377, "access_status": "Severely Disrupted", "response_disrupted": true, "operationally_affected": true }, "geometry": { "type": "Point", "coordinates": [ 36.8198386, -1.2923138 ] } },
{ "type": "Feature", "properties": { "facility_id": "facility_0125", "facility_type": "Clinic", "facility_name": "Christ the king clinic", "network_node": 489246621, "flood_impact": null, "flood_impact_class": "No Data", "physically_affected": false, "reachable": true, "response_time_min": 4.443770608894356, "route_edges": [ "road_003696", "road_004162", "road_003824", "road_003826", "road_006013", "road_004188", "road_004191", "road_006021", "road_003051", "road_003074", "road_003046", "road_003039", "road_003043", "road_003259", "road_003258", "road_003263" ], "normal_response_time_min": 4.0308366017705355, "normal_reachable": true, "response_delay_min": 0.41293400712382056, "access_status": "Accessible", "response_disrupted": false, "operationally_affected": false }, "geometry": { "type": "Point", "coordinates": [ 36.7947869, -1.3105088 ] } },
{ "type": "Feature", "properties": { "facility_id": "facility_0126", "facility_type": "Clinic", "facility_name": "vimaclinic", "network_node": 612008259, "flood_impact": null, "flood_impact_class": "No Data", "physically_affected": false, "reachable": true, "response_time_min": 3.7959470647761662, "route_edges": [ "road_003696", "road_004162", "road_003824", "road_003826", "road_006013", "road_004188", "road_004191", "road_006021", "road_003051", "road_003074", "road_003046", "road_003039", "road_003043", "road_003261", "road_003805", "road_003804" ], "normal_response_time_min": 3.7959470647761662, "normal_reachable": true, "response_delay_min": 0.0, "access_status": "Accessible", "response_disrupted": false, "operationally_affected": false }, "geometry": { "type": "Point", "coordinates": [ 36.7920298, -1.3148687 ] } },
{ "type": "Feature", "properties": { "facility_id": "facility_0127", "facility_type": "Medical Centre", "facility_name": "Dr. Martin Kimemia", "network_node": 6164222272, "flood_impact": 0.63197634017044713, "flood_impact_class": "High", "physically_affected": true, "reachable": true, "response_time_min": 4.5486817021490884, "route_edges": [ "road_003696", "road_004162", "road_003824", "road_003826", "road_006013", "road_004188", "road_004191", "road_006020", "road_003048", "road_003050", "road_003053", "road_000983", "road_000985", "road_004154", "road_003080", "road_003082", "road_003641", "road_005584", "road_005585", "road_005595", "road_004645", "road_004646", "road_005843", "road_005590", "road_000187", "road_000189", "road_005597", "road_005598", "road_005618", "road_006116", "road_003248" ], "normal_response_time_min": 4.197185810158425, "normal_reachable": true, "response_delay_min": 0.35149589199066344, "access_status": "Accessible", "response_disrupted": false, "operationally_affected": true }, "geometry": { "type": "Point", "coordinates": [ 36.8085546, -1.2983494 ] } },
{ "type": "Feature", "properties": { "facility_id": "facility_0128", "facility_type": "Police Station", "facility_name": "Industrial Area police station", "network_node": 6352261037, "flood_impact": 0.63176934205963642, "flood_impact_class": "High", "physically_affected": true, "reachable": true, "response_time_min": 12.200590032253428, "route_edges": [ "road_003696", "road_004162", "road_003824", "road_003826", "road_006013", "road_004188", "road_004191", "road_006020", "road_003048", "road_003050", "road_003053", "road_000983", "road_000985", "road_004154", "road_003080", "road_003082", "road_003641", "road_005584", "road_005585", "road_005595", "road_004645", "road_004646", "road_005843", "road_005590", "road_000187", "road_000190", "road_000326", "road_000279", "road_000192", "road_000197", "road_000216", "road_004769", "road_000255", "road_000249", "road_000252", "road_000262", "road_000264", "road_005702", "road_000268", "road_006700", "road_006384", "road_006383", "road_002996", "road_002998", "road_002991", "road_002989", "road_002993", "road_002961", "road_002957", "road_002959", "road_003702", "road_002956", "road_002970", "road_002972", "road_000683", "road_000677", "road_000685", "road_000701" ], "normal_response_time_min": 6.5800016210778036, "normal_reachable": true, "response_delay_min": 5.6205884111756248, "access_status": "Severely Disrupted", "response_disrupted": true, "operationally_affected": true }, "geometry": { "type": "Point", "coordinates": [ 36.8334286, -1.2982537 ] } },
{ "type": "Feature", "properties": { "facility_id": "facility_0129", "facility_type": "Hospital", "facility_name": "Vital Rey Hospital", "network_node": 4304574886, "flood_impact": 0.39521595698889361, "flood_impact_class": "Low", "physically_affected": false, "reachable": true, "response_time_min": 9.9290686297925639, "route_edges": [ "road_003696", "road_004162", "road_003824", "road_003826", "road_006013", "road_004188", "road_004191", "road_006020", "road_003048", "road_003050", "road_003053", "road_000983", "road_000985", "road_004154", "road_003080", "road_003082", "road_003641", "road_005584", "road_005585", "road_005595", "road_004645", "road_004646", "road_005843", "road_005590", "road_000187", "road_000190", "road_000326", "road_000279", "road_000192", "road_000197", "road_000215", "road_004767", "road_000202", "road_000204", "road_000089", "road_000080", "road_000086", "road_000096", "road_000099", "road_003839", "road_003841", "road_006597", "road_003520", "road_000058", "road_000056", "road_000386", "road_001421", "road_001408", "road_001410", "road_000372", "road_000375", "road_000376", "road_000378", "road_001336", "road_000394", "road_000395", "road_000397", "road_000400", "road_002444", "road_000435", "road_000437", "road_000431", "road_000433", "road_000439", "road_001235", "road_001246", "road_005195", "road_001814", "road_000443" ], "normal_response_time_min": 9.198627378018239, "normal_reachable": true, "response_delay_min": 0.73044125177432484, "access_status": "Accessible", "response_disrupted": false, "operationally_affected": false }, "geometry": { "type": "Point", "coordinates": [ 36.8015213, -1.2633057 ] } },
{ "type": "Feature", "properties": { "facility_id": "facility_0130", "facility_type": "Clinic", "facility_name": "State House Clinic", "network_node": 6372056318, "flood_impact": 0.36536884803361125, "flood_impact_class": "Low", "physically_affected": false, "reachable": true, "response_time_min": 10.035629767611699, "route_edges": [ "road_003696", "road_004162", "road_003824", "road_003826", "road_006013", "road_004188", "road_004191", "road_006020", "road_003048", "road_003050", "road_003053", "road_000983", "road_000985", "road_004154", "road_003080", "road_003082", "road_003641", "road_005584", "road_005585", "road_005595", "road_004645", "road_004646", "road_005843", "road_005590", "road_000187", "road_000190", "road_000326", "road_000279", "road_000192", "road_000197", "road_000215", "road_004767", "road_000202", "road_000204", "road_000089", "road_000080", "road_000086", "road_000096", "road_000099", "road_003839", "road_003841", "road_006597", "road_003520", "road_000057", "road_000025", "road_000054", "road_000066", "road_000069", "road_000644", "road_000639", "road_000028", "road_004977" ], "normal_response_time_min": 9.3051885158373704, "normal_reachable": true, "response_delay_min": 0.73044125177432839, "access_status": "Accessible", "response_disrupted": false, "operationally_affected": false }, "geometry": { "type": "Point", "coordinates": [ 36.805034, -1.2784487 ] } },
{ "type": "Feature", "properties": { "facility_id": "facility_0131", "facility_type": "Clinic", "facility_name": "Mlango kubwa", "network_node": 6367574595, "flood_impact": null, "flood_impact_class": "No Data", "physically_affected": false, "reachable": true, "response_time_min": 14.213296001197156, "route_edges": [ "road_003696", "road_004162", "road_003824", "road_003826", "road_006013", "road_004188", "road_004191", "road_006020", "road_003048", "road_003050", "road_003053", "road_000983", "road_000985", "road_004154", "road_003080", "road_003082", "road_003641", "road_005584", "road_005585", "road_005595", "road_004645", "road_004646", "road_005843", "road_005590", "road_000187", "road_000190", "road_000326", "road_000279", "road_000192", "road_000197", "road_000215", "road_004767", "road_000202", "road_000204", "road_000089", "road_000080", "road_000086", "road_000096", "road_000099", "road_003839", "road_003841", "road_006597", "road_003520", "road_000058", "road_000056", "road_000386", "road_001421", "road_001409", "road_001411", "road_001412", "road_003650", "road_003653", "road_003661", "road_004175", "road_003782", "road_001897", "road_003544", "road_005835", "road_000979", "road_000980", "road_003546", "road_003549", "road_000892", "road_000850", "road_000853", "road_000890", "road_005993", "road_006011", "road_002952", "road_002953", "road_003746", "road_000736", "road_000737", "road_000739", "road_001517", "road_000794", "road_000796", "road_000791", "road_000792", "road_000801", "road_001501", "road_005523", "road_005526", "road_001533", "road_001531", "road_001527", "road_001529", "road_006162", "road_002128", "road_001524", "road_001525", "road_001513", "road_001516", "road_002081", "road_001661", "road_001664", "road_005024", "road_004731", "road_004730", "road_005019", "road_002243", "road_002242", "road_002250", "road_002322", "road_002510", "road_002508", "road_002492", "road_002483", "road_002491", "road_002504", "road_006088", "road_004663", "road_004037", "road_006293", "road_004652", "road_006294" ], "normal_response_time_min": 11.26079015330053, "normal_reachable": true, "response_delay_min": 2.9525058478966262, "access_status": "Severely Disrupted", "response_disrupted": true, "operationally_affected": true }, "geometry": { "type": "Point", "coordinates": [ 36.8438476, -1.268216 ] } },
{ "type": "Feature", "properties": { "facility_id": "facility_0132", "facility_type": "Clinic", "facility_name": "Glory Hospital", "network_node": 1132145557, "flood_impact": null, "flood_impact_class": "No Data", "physically_affected": false, "reachable": true, "response_time_min": 14.990496473416842, "route_edges": [ "road_003696", "road_004162", "road_003824", "road_003826", "road_006013", "road_004188", "road_004191", "road_006020", "road_003048", "road_003050", "road_003053", "road_000983", "road_000985", "road_004154", "road_003080", "road_003082", "road_003641", "road_005584", "road_005585", "road_005595", "road_004645", "road_004646", "road_005843", "road_005590", "road_000187", "road_000190", "road_000326", "road_000279", "road_000192", "road_000197", "road_000215", "road_004767", "road_000202", "road_000204", "road_000089", "road_000080", "road_000086", "road_000096", "road_000099", "road_003839", "road_003841", "road_006597", "road_003520", "road_000058", "road_000056", "road_000386", "road_001421", "road_001409", "road_001411", "road_001412", "road_003650", "road_003653", "road_003661", "road_004175", "road_003782", "road_001897", "road_003544", "road_005835", "road_000979", "road_000980", "road_003546", "road_003549", "road_000892", "road_000850", "road_000853", "road_000890", "road_005993", "road_006011", "road_002952", "road_002953", "road_003746", "road_000736", "road_000737", "road_000739", "road_001517", "road_000794", "road_000796", "road_000791", "road_000792", "road_000801", "road_001501", "road_005523", "road_005526", "road_001533", "road_001531", "road_001527", "road_001529", "road_006162", "road_002128", "road_001524", "road_001525", "road_001513", "road_001516", "road_002081", "road_001661", "road_001664", "road_005024", "road_004731", "road_004730", "road_005019", "road_002243", "road_002242", "road_002250", "road_002322", "road_002510", "road_002508", "road_002492", "road_002483", "road_002491", "road_002504", "road_006088", "road_004663", "road_004036", "road_004033", "road_004027", "road_004026" ], "normal_response_time_min": 12.045856544137513, "normal_reachable": true, "response_delay_min": 2.9446399292793295, "access_status": "Severely Disrupted", "response_disrupted": true, "operationally_affected": true }, "geometry": { "type": "Point", "coordinates": [ 36.8456437, -1.265586 ] } },
{ "type": "Feature", "properties": { "facility_id": "facility_0133", "facility_type": "Police Station", "facility_name": "Parklands Police Station/ Police Post", "network_node": 5168377982, "flood_impact": 0.53574801071294664, "flood_impact_class": "Low", "physically_affected": false, "reachable": true, "response_time_min": 10.808005260398383, "route_edges": [ "road_003696", "road_004162", "road_003824", "road_003826", "road_006013", "road_004188", "road_004191", "road_006020", "road_003048", "road_003050", "road_003053", "road_000983", "road_000985", "road_004154", "road_003080", "road_003082", "road_003641", "road_005584", "road_005585", "road_005595", "road_004645", "road_004646", "road_005843", "road_005590", "road_000187", "road_000190", "road_000326", "road_000279", "road_000192", "road_000197", "road_000215", "road_004767", "road_000202", "road_000204", "road_000089", "road_000080", "road_000086", "road_000096", "road_000099", "road_003839", "road_003841", "road_006597", "road_003520", "road_000058", "road_000056", "road_000386", "road_001421", "road_001408", "road_001410", "road_000372", "road_000375", "road_000376", "road_000378", "road_001335", "road_001337", "road_000423", "road_000421", "road_000426", "road_001196", "road_000605", "road_000602", "road_000598", "road_000576", "road_000573", "road_000578", "road_000569", "road_000571", "road_001222", "road_000563", "road_000566" ], "normal_response_time_min": 10.077564008624059, "normal_reachable": true, "response_delay_min": 0.73044125177432484, "access_status": "Accessible", "response_disrupted": false, "operationally_affected": false }, "geometry": { "type": "Point", "coordinates": [ 36.811861, -1.265185 ] } },
{ "type": "Feature", "properties": { "facility_id": "facility_0134", "facility_type": "Hospital", "facility_name": "Mp Shah", "network_node": 260354687, "flood_impact": 0.63661693147406251, "flood_impact_class": "High", "physically_affected": true, "reachable": true, "response_time_min": 10.72814948974681, "route_edges": [ "road_003696", "road_004162", "road_003824", "road_003826", "road_006013", "road_004188", "road_004191", "road_006020", "road_003048", "road_003050", "road_003053", "road_000983", "road_000985", "road_004154", "road_003080", "road_003082", "road_003641", "road_005584", "road_005585", "road_005595", "road_004645", "road_004646", "road_005843", "road_005590", "road_000187", "road_000190", "road_000326", "road_000279", "road_000192", "road_000197", "road_000215", "road_004767", "road_000202", "road_000204", "road_000089", "road_000080", "road_000086", "road_000096", "road_000099", "road_003839", "road_003841", "road_006597", "road_003520", "road_000058", "road_000056", "road_000386", "road_001421", "road_001408", "road_001410", "road_000372", "road_000375", "road_000376", "road_000378", "road_001335", "road_001337", "road_000423", "road_000421", "road_000426", "road_001196", "road_000605", "road_000602", "road_000598", "road_000576", "road_000573", "road_000578", "road_000569", "road_000570" ], "normal_response_time_min": 9.9977082379724855, "normal_reachable": true, "response_delay_min": 0.73044125177432484, "access_status": "Accessible", "response_disrupted": false, "operationally_affected": true }, "geometry": { "type": "Point", "coordinates": [ 36.811256, -1.26482 ] } },
{ "type": "Feature", "properties": { "facility_id": "facility_0135", "facility_type": "Hospital", "facility_name": "Ability Therapy Place", "network_node": 6287527069, "flood_impact": 0.60242421630782506, "flood_impact_class": "Moderate", "physically_affected": true, "reachable": true, "response_time_min": 1.6240807697624879, "route_edges": [ "road_003696", "road_004162", "road_003824", "road_003826", "road_006013", "road_004188", "road_004191", "road_006020", "road_003048", "road_003050" ], "normal_response_time_min": 1.6240807697624879, "normal_reachable": true, "response_delay_min": 0.0, "access_status": "Accessible", "response_disrupted": false, "operationally_affected": true }, "geometry": { "type": "Point", "coordinates": [ 36.8010453, -1.3036338 ] } },
{ "type": "Feature", "properties": { "facility_id": "facility_0136", "facility_type": "Hospital", "facility_name": "Meridian Hospital", "network_node": 480816585, "flood_impact": null, "flood_impact_class": "No Data", "physically_affected": false, "reachable": true, "response_time_min": 5.7004529401919086, "route_edges": [ "road_003696", "road_004162", "road_003824", "road_003826", "road_006014", "road_006019", "road_006432", "road_005532", "road_004102", "road_003697", "road_003699", "road_003690", "road_003692", "road_000171", "road_000173", "road_005710", "road_005971", "road_001876", "road_001879", "road_000152", "road_000144", "road_000147" ], "normal_response_time_min": 4.988458169454999, "normal_reachable": true, "response_delay_min": 0.71199477073690964, "access_status": "Accessible", "response_disrupted": false, "operationally_affected": false }, "geometry": { "type": "Point", "coordinates": [ 36.8240723, -1.3080375 ] } },
{ "type": "Feature", "properties": { "facility_id": "facility_0137", "facility_type": "Hospital", "facility_name": "BELLEZZA SKIN AESTHETICS", "network_node": 30312296, "flood_impact": 0.47042204054851439, "flood_impact_class": "Low", "physically_affected": false, "reachable": true, "response_time_min": 9.7714679954078996, "route_edges": [ "road_003696", "road_004162", "road_003824", "road_003826", "road_006013", "road_004188", "road_004191", "road_006020", "road_003048", "road_003050", "road_003053", "road_000983", "road_000985", "road_004154", "road_003080", "road_003082", "road_003641", "road_005584", "road_005585", "road_005595", "road_004645", "road_004646", "road_005843", "road_005590", "road_000187", "road_000190", "road_000326", "road_000279", "road_000192", "road_000197", "road_000215", "road_004767", "road_000202", "road_000204", "road_000089", "road_000080", "road_000086", "road_000096", "road_000099", "road_003839", "road_003841", "road_006597", "road_003520", "road_000058", "road_000056", "road_000386", "road_001421", "road_001408", "road_001410", "road_000372", "road_000375", "road_000376", "road_000378", "road_001336", "road_000394", "road_000395", "road_000397", "road_000400", "road_002444", "road_000435", "road_000437", "road_000431", "road_000433", "road_000440", "road_001237", "road_005180", "road_005174", "road_005167", "road_005169", "road_000452" ], "normal_response_time_min": 9.0410267436335747, "normal_reachable": true, "response_delay_min": 0.73044125177432484, "access_status": "Accessible", "response_disrupted": false, "operationally_affected": false }, "geometry": { "type": "Point", "coordinates": [ 36.7989299, -1.2667754 ] } },
{ "type": "Feature", "properties": { "facility_id": "facility_0138", "facility_type": "Police Station", "facility_name": "Nairobi west police station", "network_node": 291536216, "flood_impact": null, "flood_impact_class": "No Data", "physically_affected": false, "reachable": true, "response_time_min": 5.2516954228045289, "route_edges": [ "road_003696", "road_004162", "road_003824", "road_003826", "road_006014", "road_006019", "road_006432", "road_005532", "road_004102", "road_003697", "road_003699", "road_003690", "road_003692", "road_000171", "road_000173", "road_005710", "road_005971", "road_001876", "road_001879", "road_000152", "road_000144" ], "normal_response_time_min": 4.5466809328264199, "normal_reachable": true, "response_delay_min": 0.705014489978109, "access_status": "Accessible", "response_disrupted": false, "operationally_affected": false }, "geometry": { "type": "Point", "coordinates": [ 36.8227897, -1.3080924 ] } },
{ "type": "Feature", "properties": { "facility_id": "facility_0139", "facility_type": "Clinic", "facility_name": "Penda Medical Centre", "network_node": 6511975665, "flood_impact": 0.62680239895518941, "flood_impact_class": "High", "physically_affected": true, "reachable": true, "response_time_min": 7.5319136879143658, "route_edges": [ "road_003696", "road_004162", "road_003824", "road_003826", "road_006013", "road_004188", "road_004191", "road_006020", "road_003048", "road_003050", "road_003053", "road_000983", "road_000985", "road_004154", "road_003080", "road_003082", "road_003641", "road_005584", "road_005585", "road_005595", "road_004645", "road_004646", "road_005843", "road_005590", "road_000187", "road_000190", "road_000326", "road_000279", "road_000192", "road_000197", "road_000215", "road_004767", "road_000202", "road_000204", "road_000089", "road_000080", "road_000086", "road_000096", "road_000099", "road_003839", "road_003841", "road_006597", "road_003520", "road_000058", "road_000056", "road_000386", "road_001421", "road_001409", "road_001411", "road_001412", "road_003650", "road_003653", "road_003661", "road_004175", "road_003782", "road_001897", "road_003543", "road_005832" ], "normal_response_time_min": 6.8014724361400392, "normal_reachable": true, "response_delay_min": 0.73044125177432662, "access_status": "Accessible", "response_disrupted": false, "operationally_affected": true }, "geometry": { "type": "Point", "coordinates": [ 36.8240556, -1.2843701 ] } },
{ "type": "Feature", "properties": { "facility_id": "facility_0140", "facility_type": "Hospital", "facility_name": "Aga Khan University Hospital", "network_node": 7171708979, "flood_impact": 0.53306885079367705, "flood_impact_class": "Low", "physically_affected": false, "reachable": true, "response_time_min": 12.154285073201505, "route_edges": [ "road_003696", "road_004162", "road_003824", "road_003826", "road_006013", "road_004188", "road_004191", "road_006020", "road_003048", "road_003050", "road_003053", "road_000983", "road_000985", "road_004154", "road_003080", "road_003082", "road_003641", "road_005584", "road_005585", "road_005595", "road_004645", "road_004646", "road_005843", "road_005590", "road_000187", "road_000190", "road_000326", "road_000279", "road_000192", "road_000197", "road_000215", "road_004767", "road_000202", "road_000204", "road_000089", "road_000080", "road_000086", "road_000096", "road_000099", "road_003839", "road_003841", "road_006597", "road_003520", "road_000058", "road_000056", "road_000386", "road_001421", "road_001408", "road_001410", "road_000372", "road_000375", "road_000376", "road_000378", "road_001335", "road_001337", "road_000424", "road_001194", "road_004609", "road_001785", "road_002923", "road_006076", "road_006077", "road_004604", "road_004736", "road_001290", "road_005788", "road_005796", "road_005789" ], "normal_response_time_min": 10.567188005157533, "normal_reachable": true, "response_delay_min": 1.5870970680439722, "access_status": "Disrupted", "response_disrupted": true, "operationally_affected": true }, "geometry": { "type": "Point", "coordinates": [ 36.823841127340572, -1.2617938 ] } },
{ "type": "Feature", "properties": { "facility_id": "facility_0141", "facility_type": "Hospital", "facility_name": "Christ the King Clinic", "network_node": 489246621, "flood_impact": null, "flood_impact_class": "No Data", "physically_affected": false, "reachable": true, "response_time_min": 4.443770608894356, "route_edges": [ "road_003696", "road_004162", "road_003824", "road_003826", "road_006013", "road_004188", "road_004191", "road_006021", "road_003051", "road_003074", "road_003046", "road_003039", "road_003043", "road_003259", "road_003258", "road_003263" ], "normal_response_time_min": 4.0308366017705355, "normal_reachable": true, "response_delay_min": 0.41293400712382056, "access_status": "Accessible", "response_disrupted": false, "operationally_affected": false }, "geometry": { "type": "Point", "coordinates": [ 36.79476877559182, -1.31049855 ] } },
{ "type": "Feature", "properties": { "facility_id": "facility_0142", "facility_type": "Hospital", "facility_name": "Amref-Kibera Health Centre", "network_node": 489246621, "flood_impact": null, "flood_impact_class": "No Data", "physically_affected": false, "reachable": true, "response_time_min": 4.443770608894356, "route_edges": [ "road_003696", "road_004162", "road_003824", "road_003826", "road_006013", "road_004188", "road_004191", "road_006021", "road_003051", "road_003074", "road_003046", "road_003039", "road_003043", "road_003259", "road_003258", "road_003263" ], "normal_response_time_min": 4.0308366017705355, "normal_reachable": true, "response_delay_min": 0.41293400712382056, "access_status": "Accessible", "response_disrupted": false, "operationally_affected": false }, "geometry": { "type": "Point", "coordinates": [ 36.7956023, -1.31124145 ] } },
{ "type": "Feature", "properties": { "facility_id": "facility_0143", "facility_type": "Hospital", "facility_name": "MP Shah Hospital", "network_node": 7730852179, "flood_impact": 0.52139232331490015, "flood_impact_class": "Low", "physically_affected": false, "reachable": true, "response_time_min": 11.216907108723616, "route_edges": [ "road_003696", "road_004162", "road_003824", "road_003826", "road_006013", "road_004188", "road_004191", "road_006020", "road_003048", "road_003050", "road_003053", "road_000983", "road_000985", "road_004154", "road_003080", "road_003082", "road_003641", "road_005584", "road_005585", "road_005595", "road_004645", "road_004646", "road_005843", "road_005590", "road_000187", "road_000190", "road_000326", "road_000279", "road_000192", "road_000197", "road_000215", "road_004767", "road_000202", "road_000204", "road_000089", "road_000080", "road_000086", "road_000096", "road_000099", "road_003839", "road_003841", "road_006597", "road_003520", "road_000058", "road_000056", "road_000386", "road_001421", "road_001408", "road_001410", "road_000372", "road_000375", "road_000376", "road_000378", "road_001335", "road_001337", "road_000423", "road_000421", "road_000426", "road_001196", "road_000605", "road_000602", "road_000598", "road_000576", "road_000573", "road_000578", "road_000569", "road_000571", "road_001222", "road_000562", "road_000565", "road_001219", "road_005373" ], "normal_response_time_min": 10.486465856949291, "normal_reachable": true, "response_delay_min": 0.73044125177432484, "access_status": "Accessible", "response_disrupted": false, "operationally_affected": false }, "geometry": { "type": "Point", "coordinates": [ 36.812093581683058, -1.2635968 ] } },
{ "type": "Feature", "properties": { "facility_id": "facility_0144", "facility_type": "Police Station", "facility_name": "Kamukunji Police Station", "network_node": 6784955155, "flood_impact": 0.66075041277450342, "flood_impact_class": "High", "physically_affected": true, "reachable": true, "response_time_min": 11.266968336255545, "route_edges": [ "road_003696", "road_004162", "road_003824", "road_003826", "road_006013", "road_004188", "road_004191", "road_006020", "road_003048", "road_003050", "road_003053", "road_000983", "road_000985", "road_004154", "road_003080", "road_003082", "road_003641", "road_005584", "road_005585", "road_005595", "road_004645", "road_004646", "road_005843", "road_005590", "road_000187", "road_000190", "road_000326", "road_000279", "road_000192", "road_000197", "road_000215", "road_004767", "road_000202", "road_000204", "road_000089", "road_000080", "road_000086", "road_000096", "road_000099", "road_003839", "road_003841", "road_006597", "road_003520", "road_000058", "road_000056", "road_000386", "road_001421", "road_001409", "road_001411", "road_001412", "road_003650", "road_003653", "road_003661", "road_004175", "road_003782", "road_001897", "road_003544", "road_005835", "road_000979", "road_000980", "road_003546", "road_003549", "road_000892", "road_000850", "road_000853", "road_000890", "road_005993", "road_006011", "road_002952", "road_002953", "road_003746", "road_000736", "road_000737", "road_000739", "road_001517", "road_000794", "road_000796", "road_000791", "road_000792", "road_000801", "road_001501", "road_005523", "road_005526", "road_001533", "road_001531", "road_001528", "road_000834", "road_000835", "road_001480" ], "normal_response_time_min": 8.0600397362341418, "normal_reachable": true, "response_delay_min": 3.2069286000214028, "access_status": "Severely Disrupted", "response_disrupted": true, "operationally_affected": true }, "geometry": { "type": "Point", "coordinates": [ 36.833164689048132, -1.2844126 ] } },
{ "type": "Feature", "properties": { "facility_id": "facility_0145", "facility_type": "Clinic", "facility_name": "Park Road Nursing Home", "network_node": 6278238005, "flood_impact": 0.61706197318655853, "flood_impact_class": "High", "physically_affected": true, "reachable": true, "response_time_min": 12.631546322332092, "route_edges": [ "road_003696", "road_004162", "road_003824", "road_003826", "road_006013", "road_004188", "road_004191", "road_006020", "road_003048", "road_003050", "road_003053", "road_000983", "road_000985", "road_004154", "road_003080", "road_003082", "road_003641", "road_005584", "road_005585", "road_005595", "road_004645", "road_004646", "road_005843", "road_005590", "road_000187", "road_000190", "road_000326", "road_000279", "road_000192", "road_000197", "road_000215", "road_004767", "road_000202", "road_000204", "road_000089", "road_000080", "road_000086", "road_000096", "road_000099", "road_003839", "road_003841", "road_006597", "road_003520", "road_000058", "road_000056", "road_000386", "road_001421", "road_001409", "road_001411", "road_001412", "road_003650", "road_003653", "road_003661", "road_004175", "road_003782", "road_001897", "road_003544", "road_005835", "road_000979", "road_000980", "road_003546", "road_003549", "road_000892", "road_000850", "road_000853", "road_000890", "road_005993", "road_006011", "road_002952", "road_002953", "road_003746", "road_000736", "road_000737", "road_000739", "road_001517", "road_000794", "road_000796", "road_000791", "road_000792", "road_000801", "road_001501", "road_005523", "road_005526", "road_001533", "road_001531", "road_001527", "road_001529", "road_006162", "road_002128", "road_001524", "road_001525", "road_001513", "road_001515", "road_003900", "road_003893", "road_003897", "road_002076", "road_002070", "road_002072", "road_004414", "road_005753" ], "normal_response_time_min": 9.8202623932994655, "normal_reachable": true, "response_delay_min": 2.8112839290326264, "access_status": "Severely Disrupted", "response_disrupted": true, "operationally_affected": true }, "geometry": { "type": "Point", "coordinates": [ 36.832232395742579, -1.2732617 ] } },
{ "type": "Feature", "properties": { "facility_id": "facility_0146", "facility_type": "Hospital", "facility_name": "Nairobi Hospital", "network_node": 6369594843, "flood_impact": 0.53483875373573153, "flood_impact_class": "Low", "physically_affected": false, "reachable": true, "response_time_min": 4.0128505182675003, "route_edges": [ "road_003696", "road_004162", "road_003824", "road_003826", "road_006013", "road_004188", "road_004191", "road_006020", "road_003048", "road_003050", "road_003053", "road_000983", "road_000985", "road_004154", "road_003080", "road_003082", "road_003641", "road_005584", "road_005585", "road_005595", "road_004645", "road_004646", "road_005843", "road_005589", "road_005588", "road_004771", "road_004775" ], "normal_response_time_min": 3.6561513571933655, "normal_reachable": true, "response_delay_min": 0.3566991610741348, "access_status": "Accessible", "response_disrupted": false, "operationally_affected": false }, "geometry": { "type": "Point", "coordinates": [ 36.804414555065094, -1.2967124 ] } },
{ "type": "Feature", "properties": { "facility_id": "facility_0147", "facility_type": "Medical Centre", "facility_name": "Doctors Plaza", "network_node": 1213191241, "flood_impact": 0.32540121369647934, "flood_impact_class": "Low", "physically_affected": false, "reachable": true, "response_time_min": 4.0805584621120019, "route_edges": [ "road_003696", "road_004162", "road_003824", "road_003826", "road_006013", "road_004188", "road_004191", "road_006020", "road_003048", "road_003050", "road_003053", "road_000983", "road_000985", "road_004154", "road_003080", "road_003082", "road_003641", "road_005584", "road_005585", "road_005595", "road_004645", "road_004647", "road_005837", "road_005839", "road_004160" ], "normal_response_time_min": 3.0843330012995542, "normal_reachable": true, "response_delay_min": 0.99622546081244767, "access_status": "Accessible", "response_disrupted": false, "operationally_affected": false }, "geometry": { "type": "Point", "coordinates": [ 36.803416525829817, -1.2959243 ] } },
{ "type": "Feature", "properties": { "facility_id": "facility_0148", "facility_type": "Police Station", "facility_name": "Muthaiga Police Station", "network_node": 2473361347, "flood_impact": null, "flood_impact_class": "No Data", "physically_affected": false, "reachable": true, "response_time_min": 13.921190522258785, "route_edges": [ "road_003696", "road_004162", "road_003824", "road_003826", "road_006013", "road_004188", "road_004191", "road_006020", "road_003048", "road_003050", "road_003053", "road_000983", "road_000985", "road_004154", "road_003080", "road_003082", "road_003641", "road_005584", "road_005585", "road_005595", "road_004645", "road_004646", "road_005843", "road_005590", "road_000187", "road_000190", "road_000326", "road_000279", "road_000192", "road_000197", "road_000215", "road_004767", "road_000202", "road_000204", "road_000089", "road_000080", "road_000086", "road_000096", "road_000099", "road_003839", "road_003841", "road_006597", "road_003520", "road_000058", "road_000056", "road_000386", "road_001421", "road_001408", "road_001410", "road_000372", "road_000375", "road_000376", "road_000378", "road_001335", "road_001337", "road_000424", "road_001194", "road_004609", "road_001785", "road_002923", "road_006075", "road_005157", "road_001341", "road_001343", "road_006191", "road_004716", "road_004612", "road_004613", "road_004711", "road_004704", "road_004708", "road_004713", "road_004714", "road_004715", "road_004819" ], "normal_response_time_min": 10.910662984787557, "normal_reachable": true, "response_delay_min": 3.0105275374712281, "access_status": "Severely Disrupted", "response_disrupted": true, "operationally_affected": true }, "geometry": { "type": "Point", "coordinates": [ 36.843186217135994, -1.25889445 ] } },
{ "type": "Feature", "properties": { "facility_id": "facility_0149", "facility_type": "Hospital", "facility_name": "Nairobi Women's Hospital", "network_node": 5414201141, "flood_impact": 0.75419107301778443, "flood_impact_class": "Very High", "physically_affected": true, "reachable": true, "response_time_min": 7.3948790115308212, "route_edges": [ "road_003696", "road_004162", "road_003824", "road_003826", "road_006013", "road_004188", "road_004191", "road_006021", "road_003051", "road_003075", "road_003071", "road_003058", "road_003057", "road_003064", "road_000134", "road_000132", "road_000137", "road_005542", "road_003283", "road_003278", "road_003286", "road_003535", "road_003320" ], "normal_response_time_min": 3.8974540685860934, "normal_reachable": true, "response_delay_min": 3.4974249429447277, "access_status": "Severely Disrupted", "response_disrupted": true, "operationally_affected": true }, "geometry": { "type": "Point", "coordinates": [ 36.796500272588247, -1.29379065 ] } },
{ "type": "Feature", "properties": { "facility_id": "facility_0150", "facility_type": "Hospital", "facility_name": "Kenyatta National Hospital", "network_node": 6164222287, "flood_impact": 0.72189019564236612, "flood_impact_class": "Very High", "physically_affected": true, "reachable": true, "response_time_min": 4.5381882894222807, "route_edges": [ "road_003696", "road_004162", "road_003824", "road_003826", "road_006013", "road_004188", "road_004191", "road_006020", "road_003048", "road_003050", "road_003053", "road_000983", "road_000985", "road_004154", "road_003080", "road_003082", "road_003641", "road_005584", "road_005585", "road_005595", "road_004645", "road_004646", "road_005843", "road_005590", "road_000187", "road_000189", "road_005597", "road_005598", "road_005618", "road_006116" ], "normal_response_time_min": 4.1866923974316173, "normal_reachable": true, "response_delay_min": 0.35149589199066344, "access_status": "Accessible", "response_disrupted": false, "operationally_affected": true }, "geometry": { "type": "Point", "coordinates": [ 36.807235856641626, -1.30083085 ] } },
{ "type": "Feature", "properties": { "facility_id": "facility_0151", "facility_type": "Hospital", "facility_name": "Better Living Hospital", "network_node": 2542832471, "flood_impact": 0.57511867741565548, "flood_impact_class": "Moderate", "physically_affected": true, "reachable": true, "response_time_min": 5.0883963517005455, "route_edges": [ "road_003696", "road_004162", "road_003824", "road_003826", "road_006013", "road_004188", "road_004191", "road_006020", "road_003048", "road_003050", "road_003053", "road_000983", "road_000985", "road_004154", "road_003080", "road_003082", "road_003641", "road_005584", "road_005585", "road_005595", "road_004645", "road_004647", "road_005837", "road_005838", "road_004161", "road_005845", "road_004644", "road_000210", "road_000127", "road_000178", "road_000183" ], "normal_response_time_min": 4.7365997017706221, "normal_reachable": true, "response_delay_min": 0.35179664992992343, "access_status": "Accessible", "response_disrupted": false, "operationally_affected": true }, "geometry": { "type": "Point", "coordinates": [ 36.808446008289138, -1.2891456 ] } },
{ "type": "Feature", "properties": { "facility_id": "facility_0152", "facility_type": "Police Station", "facility_name": "Nairobi Provincial Police Headquaters", "network_node": 2542832471, "flood_impact": 0.620740274216532, "flood_impact_class": "High", "physically_affected": true, "reachable": true, "response_time_min": 5.0883963517005455, "route_edges": [ "road_003696", "road_004162", "road_003824", "road_003826", "road_006013", "road_004188", "road_004191", "road_006020", "road_003048", "road_003050", "road_003053", "road_000983", "road_000985", "road_004154", "road_003080", "road_003082", "road_003641", "road_005584", "road_005585", "road_005595", "road_004645", "road_004647", "road_005837", "road_005838", "road_004161", "road_005845", "road_004644", "road_000210", "road_000127", "road_000178", "road_000183" ], "normal_response_time_min": 4.7365997017706221, "normal_reachable": true, "response_delay_min": 0.35179664992992343, "access_status": "Accessible", "response_disrupted": false, "operationally_affected": true }, "geometry": { "type": "Point", "coordinates": [ 36.808438554943322, -1.28990535 ] } },
{ "type": "Feature", "properties": { "facility_id": "facility_0153", "facility_type": "Hospital", "facility_name": "Central hospital", "network_node": 8523122647, "flood_impact": 0.61800243214780759, "flood_impact_class": "High", "physically_affected": true, "reachable": true, "response_time_min": 6.7243864842764243, "route_edges": [ "road_003696", "road_004162", "road_003824", "road_003826", "road_006013", "road_004188", "road_004191", "road_006020", "road_003048", "road_003050", "road_003053", "road_000983", "road_000985", "road_004154", "road_003080", "road_003082", "road_003641", "road_005584", "road_005585", "road_005595", "road_004645", "road_004646", "road_005843", "road_005590", "road_000187", "road_000190", "road_000326", "road_000279", "road_000192", "road_000197", "road_000215", "road_004767", "road_000202", "road_000204", "road_000089", "road_000080", "road_000086", "road_000096", "road_000099", "road_003839", "road_003841", "road_006597", "road_003519", "road_003493", "road_003514" ], "normal_response_time_min": 5.9939452325020977, "normal_reachable": true, "response_delay_min": 0.73044125177432662, "access_status": "Accessible", "response_disrupted": false, "operationally_affected": true }, "geometry": { "type": "Point", "coordinates": [ 36.811501378258953, -1.2853727 ] } },
{ "type": "Feature", "properties": { "facility_id": "facility_0154", "facility_type": "Hospital", "facility_name": "Mariakani Cottage Hospital", "network_node": 480816582, "flood_impact": null, "flood_impact_class": "No Data", "physically_affected": false, "reachable": true, "response_time_min": 8.9885428064156496, "route_edges": [ "road_003696", "road_004162", "road_003824", "road_003826", "road_006014", "road_006019", "road_006432", "road_005532", "road_004102", "road_003697", "road_003699", "road_003690", "road_003692", "road_000171", "road_000173", "road_005710", "road_005971", "road_001876", "road_001879", "road_000152", "road_000146", "road_000139", "road_000143", "road_001986", "road_001985", "road_001989", "road_005047", "road_005048", "road_001996", "road_001977", "road_001963", "road_001966", "road_001969", "road_001961" ], "normal_response_time_min": 7.5152054420826637, "normal_reachable": true, "response_delay_min": 1.4733373643329859, "access_status": "Disrupted", "response_disrupted": true, "operationally_affected": true }, "geometry": { "type": "Point", "coordinates": [ 36.834907812484033, -1.31187695 ] } },
{ "type": "Feature", "properties": { "facility_id": "facility_0155", "facility_type": "Hospital", "facility_name": "Rack Medical Clinic", "network_node": 280789501, "flood_impact": null, "flood_impact_class": "No Data", "physically_affected": false, "reachable": true, "response_time_min": 8.5866154329607678, "route_edges": [ "road_003696", "road_004162", "road_003824", "road_003826", "road_006014", "road_006019", "road_006432", "road_005532", "road_004102", "road_003697", "road_003699", "road_003690", "road_003692", "road_000171", "road_000173", "road_005710", "road_005971", "road_001876", "road_001879", "road_000152", "road_000146", "road_000139", "road_000143", "road_001986", "road_001985", "road_001989", "road_005047", "road_005048", "road_001996", "road_001977", "road_001963", "road_001966", "road_001969" ], "normal_response_time_min": 7.1132780686277819, "normal_reachable": true, "response_delay_min": 1.4733373643329859, "access_status": "Disrupted", "response_disrupted": true, "operationally_affected": true }, "geometry": { "type": "Point", "coordinates": [ 36.834168249479532, -1.3118526 ] } },
{ "type": "Feature", "properties": { "facility_id": "facility_0156", "facility_type": "Hospital", "facility_name": "The Mater Misericordiae Hospital (Mukuru)", "network_node": 1498333306, "flood_impact": null, "flood_impact_class": "No Data", "physically_affected": false, "reachable": true, "response_time_min": 9.0480866649969318, "route_edges": [ "road_003696", "road_004162", "road_003824", "road_003826", "road_006014", "road_006019", "road_006432", "road_005532", "road_004102", "road_003697", "road_003699", "road_003690", "road_003692", "road_000171", "road_000173", "road_005710", "road_005971", "road_001876", "road_001879", "road_000152", "road_000146", "road_000139", "road_000143", "road_001986", "road_001985", "road_001989", "road_005047", "road_005048", "road_001996", "road_001977", "road_001963", "road_001968", "road_001972" ], "normal_response_time_min": 6.9219251402645909, "normal_reachable": true, "response_delay_min": 2.1261615247323409, "access_status": "Severely Disrupted", "response_disrupted": true, "operationally_affected": true }, "geometry": { "type": "Point", "coordinates": [ 36.834837439498351, -1.30756905 ] } },
{ "type": "Feature", "properties": { "facility_id": "facility_0157", "facility_type": "Clinic", "facility_name": "Technical University Dispensary", "network_node": 30498512, "flood_impact": 0.74038084327829079, "flood_impact_class": "Very High", "physically_affected": true, "reachable": true, "response_time_min": 8.9070310965366257, "route_edges": [ "road_003696", "road_004162", "road_003824", "road_003826", "road_006013", "road_004188", "road_004191", "road_006020", "road_003048", "road_003050", "road_003053", "road_000983", "road_000985", "road_004154", "road_003080", "road_003082", "road_003641", "road_005584", "road_005585", "road_005595", "road_004645", "road_004646", "road_005843", "road_005590", "road_000187", "road_000190", "road_000326", "road_000279", "road_000192", "road_000197", "road_000215", "road_004767", "road_000202", "road_000204", "road_000089", "road_000080", "road_000086", "road_000096", "road_000099", "road_003839", "road_003841", "road_006597", "road_003520", "road_000058", "road_000056", "road_000386", "road_001421", "road_001409", "road_001411", "road_001412", "road_003650", "road_003653", "road_003661", "road_004175", "road_003782", "road_001897", "road_003544", "road_005835", "road_000979", "road_000980", "road_003546", "road_003549", "road_000892", "road_000850", "road_000853", "road_000890", "road_005994", "road_000735", "road_000669", "road_000671", "road_000688", "road_000690" ], "normal_response_time_min": 7.0229974207861972, "normal_reachable": true, "response_delay_min": 1.8840336757504286, "access_status": "Disrupted", "response_disrupted": true, "operationally_affected": true }, "geometry": { "type": "Point", "coordinates": [ 36.824308852722694, -1.2912969 ] } },
{ "type": "Feature", "properties": { "facility_id": "facility_0158", "facility_type": "Hospital", "facility_name": "Jafwack Medical Clinic", "network_node": 7723878227, "flood_impact": null, "flood_impact_class": "No Data", "physically_affected": false, "reachable": true, "response_time_min": 3.7785555242364199, "route_edges": [ "road_003696", "road_004162", "road_003824", "road_003826", "road_006013", "road_004188", "road_004191", "road_006021", "road_003051", "road_003074", "road_003046", "road_003039", "road_003043", "road_003261", "road_003806", "road_003808" ], "normal_response_time_min": 3.7785555242364199, "normal_reachable": true, "response_delay_min": 0.0, "access_status": "Accessible", "response_disrupted": false, "operationally_affected": false }, "geometry": { "type": "Point", "coordinates": [ 36.799602994245923, -1.31322245 ] } },
{ "type": "Feature", "properties": { "facility_id": "facility_0159", "facility_type": "Hospital", "facility_name": "Tetani Clinic", "network_node": 1191116593, "flood_impact": null, "flood_impact_class": "No Data", "physically_affected": false, "reachable": true, "response_time_min": 2.767230001816714, "route_edges": [ "road_003696", "road_004162", "road_003824", "road_003826", "road_006013", "road_004188", "road_004191", "road_006021", "road_003051", "road_003074", "road_003046", "road_003038" ], "normal_response_time_min": 2.767230001816714, "normal_reachable": true, "response_delay_min": 0.0, "access_status": "Accessible", "response_disrupted": false, "operationally_affected": false }, "geometry": { "type": "Point", "coordinates": [ 36.80201114404025, -1.31483775 ] } },
{ "type": "Feature", "properties": { "facility_id": "facility_0160", "facility_type": "Hospital", "facility_name": "slum medical clinic", "network_node": 612008259, "flood_impact": null, "flood_impact_class": "No Data", "physically_affected": false, "reachable": true, "response_time_min": 3.7959470647761662, "route_edges": [ "road_003696", "road_004162", "road_003824", "road_003826", "road_006013", "road_004188", "road_004191", "road_006021", "road_003051", "road_003074", "road_003046", "road_003039", "road_003043", "road_003261", "road_003805", "road_003804" ], "normal_response_time_min": 3.7959470647761662, "normal_reachable": true, "response_delay_min": 0.0, "access_status": "Accessible", "response_disrupted": false, "operationally_affected": false }, "geometry": { "type": "Point", "coordinates": [ 36.791624131193785, -1.31398625 ] } },
{ "type": "Feature", "properties": { "facility_id": "facility_0161", "facility_type": "Hospital", "facility_name": "Aga Khan Muthithi Medical Centre", "network_node": 30402296, "flood_impact": 0.5403686278910067, "flood_impact_class": "Moderate", "physically_affected": true, "reachable": true, "response_time_min": 9.9127205213625977, "route_edges": [ "road_003696", "road_004162", "road_003824", "road_003826", "road_006013", "road_004188", "road_004191", "road_006020", "road_003048", "road_003050", "road_003053", "road_000983", "road_000985", "road_004154", "road_003080", "road_003082", "road_003641", "road_005584", "road_005585", "road_005595", "road_004645", "road_004646", "road_005843", "road_005590", "road_000187", "road_000190", "road_000326", "road_000279", "road_000192", "road_000197", "road_000215", "road_004767", "road_000202", "road_000204", "road_000089", "road_000080", "road_000086", "road_000096", "road_000099", "road_003839", "road_003841", "road_006597", "road_003520", "road_000058", "road_000056", "road_000386", "road_001421", "road_001408", "road_001410", "road_000372", "road_000375", "road_000376", "road_000378", "road_001335", "road_001337", "road_000423", "road_000422", "road_000428" ], "normal_response_time_min": 9.1822792695882729, "normal_reachable": true, "response_delay_min": 0.73044125177432484, "access_status": "Accessible", "response_disrupted": false, "operationally_affected": true }, "geometry": { "type": "Point", "coordinates": [ 36.810110479623823, -1.26873155 ] } },
{ "type": "Feature", "properties": { "facility_id": "facility_0162", "facility_type": "Clinic", "facility_name": "Mediheal Diagnostic & Fertility Centre", "network_node": 10275046509, "flood_impact": 0.57490471481598371, "flood_impact_class": "Moderate", "physically_affected": true, "reachable": true, "response_time_min": 12.226828422349191, "route_edges": [ "road_003696", "road_004162", "road_003824", "road_003826", "road_006013", "road_004188", "road_004191", "road_006020", "road_003048", "road_003050", "road_003053", "road_000983", "road_000985", "road_004154", "road_003080", "road_003082", "road_003641", "road_005584", "road_005585", "road_005595", "road_004645", "road_004646", "road_005843", "road_005590", "road_000187", "road_000190", "road_000326", "road_000279", "road_000192", "road_000197", "road_000215", "road_004767", "road_000202", "road_000204", "road_000089", "road_000080", "road_000086", "road_000096", "road_000099", "road_003839", "road_003841", "road_006597", "road_003520", "road_000058", "road_000056", "road_000386", "road_001421", "road_001408", "road_001410", "road_000372", "road_000375", "road_000376", "road_000378", "road_001335", "road_001337", "road_000424", "road_001194", "road_004609", "road_001785", "road_002923", "road_006076", "road_006077", "road_004604", "road_004736", "road_001290", "road_005788", "road_005796", "road_005789", "road_001277" ], "normal_response_time_min": 10.639731354305219, "normal_reachable": true, "response_delay_min": 1.5870970680439722, "access_status": "Disrupted", "response_disrupted": true, "operationally_affected": true }, "geometry": { "type": "Point", "coordinates": [ 36.823717070653885, -1.2625507 ] } },
{ "type": "Feature", "properties": { "facility_id": "facility_0163", "facility_type": "Hospital", "facility_name": "Avenue Hospital", "network_node": 8531624434, "flood_impact": 0.54593419527995568, "flood_impact_class": "Moderate", "physically_affected": true, "reachable": true, "response_time_min": 11.831851240089618, "route_edges": [ "road_003696", "road_004162", "road_003824", "road_003826", "road_006013", "road_004188", "road_004191", "road_006020", "road_003048", "road_003050", "road_003053", "road_000983", "road_000985", "road_004154", "road_003080", "road_003082", "road_003641", "road_005584", "road_005585", "road_005595", "road_004645", "road_004646", "road_005843", "road_005590", "road_000187", "road_000190", "road_000326", "road_000279", "road_000192", "road_000197", "road_000215", "road_004767", "road_000202", "road_000204", "road_000089", "road_000080", "road_000086", "road_000096", "road_000099", "road_003839", "road_003841", "road_006597", "road_003520", "road_000058", "road_000056", "road_000386", "road_001421", "road_001408", "road_001410", "road_000372", "road_000375", "road_000376", "road_000378", "road_001335", "road_001337", "road_000423", "road_000421", "road_000425", "road_001207", "road_001209", "road_004684", "road_002042", "road_001803", "road_001800", "road_001805", "road_005426", "road_005428", "road_005376", "road_004046", "road_001331", "road_001317", "road_001324", "road_002921" ], "normal_response_time_min": 11.101409988315293, "normal_reachable": true, "response_delay_min": 0.73044125177432484, "access_status": "Accessible", "response_disrupted": false, "operationally_affected": true }, "geometry": { "type": "Point", "coordinates": [ 36.817549149916886, -1.26472565 ] } },
{ "type": "Feature", "properties": { "facility_id": "facility_0164", "facility_type": "Hospital", "facility_name": "Coptic Hospital", "network_node": 6117726038, "flood_impact": 0.24280439394035894, "flood_impact_class": "Low", "physically_affected": false, "reachable": true, "response_time_min": 4.9713835974615819, "route_edges": [ "road_003696", "road_004162", "road_003824", "road_003826", "road_006013", "road_004188", "road_004191", "road_006021", "road_003051", "road_003075", "road_003071", "road_003058", "road_003057", "road_003064", "road_000134", "road_000132", "road_000137" ], "normal_response_time_min": 3.2789844487322508, "normal_reachable": true, "response_delay_min": 1.6923991487293311, "access_status": "Disrupted", "response_disrupted": true, "operationally_affected": true }, "geometry": { "type": "Point", "coordinates": [ 36.797728847247889, -1.29810705 ] } },
{ "type": "Feature", "properties": { "facility_id": "facility_0165", "facility_type": "Hospital", "facility_name": "Pumwani Maternity Hospital", "network_node": 6172894923, "flood_impact": null, "flood_impact_class": "No Data", "physically_affected": false, "reachable": true, "response_time_min": 12.9767020629606, "route_edges": [ "road_003696", "road_004162", "road_003824", "road_003826", "road_006013", "road_004188", "road_004191", "road_006020", "road_003048", "road_003050", "road_003053", "road_000983", "road_000985", "road_004154", "road_003080", "road_003082", "road_003641", "road_005584", "road_005585", "road_005595", "road_004645", "road_004646", "road_005843", "road_005590", "road_000187", "road_000190", "road_000326", "road_000279", "road_000192", "road_000197", "road_000215", "road_004767", "road_000202", "road_000204", "road_000089", "road_000080", "road_000086", "road_000096", "road_000099", "road_003839", "road_003841", "road_006597", "road_003520", "road_000058", "road_000056", "road_000386", "road_001421", "road_001409", "road_001411", "road_001412", "road_003650", "road_003653", "road_003661", "road_004175", "road_003782", "road_001897", "road_003544", "road_005835", "road_000979", "road_000980", "road_003546", "road_003549", "road_000892", "road_000850", "road_000853", "road_000890", "road_005993", "road_006011", "road_002952", "road_002953", "road_003746", "road_000736", "road_000737", "road_000739", "road_001517", "road_000794", "road_000796", "road_000791", "road_000792", "road_000801", "road_001501", "road_005523", "road_005526", "road_001533", "road_001531", "road_001527", "road_001529", "road_006162", "road_002128", "road_001524", "road_001525", "road_001512", "road_001514", "road_004252", "road_004692", "road_003590", "road_005486", "road_005715", "road_002174", "road_005714", "road_002798", "road_002800" ], "normal_response_time_min": 10.814351911355041, "normal_reachable": true, "response_delay_min": 2.1623501516055583, "access_status": "Severely Disrupted", "response_disrupted": true, "operationally_affected": true }, "geometry": { "type": "Point", "coordinates": [ 36.845550887184359, -1.2809702 ] } },
{ "type": "Feature", "properties": { "facility_id": "facility_0166", "facility_type": "Police Station", "facility_name": "Parklands Police Station", "network_node": 5431244608, "flood_impact": 0.53348470002876813, "flood_impact_class": "Low", "physically_affected": false, "reachable": true, "response_time_min": 10.895703856385138, "route_edges": [ "road_003696", "road_004162", "road_003824", "road_003826", "road_006013", "road_004188", "road_004191", "road_006020", "road_003048", "road_003050", "road_003053", "road_000983", "road_000985", "road_004154", "road_003080", "road_003082", "road_003641", "road_005584", "road_005585", "road_005595", "road_004645", "road_004646", "road_005843", "road_005590", "road_000187", "road_000190", "road_000326", "road_000279", "road_000192", "road_000197", "road_000215", "road_004767", "road_000202", "road_000204", "road_000089", "road_000080", "road_000086", "road_000096", "road_000099", "road_003839", "road_003841", "road_006597", "road_003520", "road_000058", "road_000056", "road_000386", "road_001421", "road_001408", "road_001410", "road_000372", "road_000375", "road_000376", "road_000378", "road_001335", "road_001337", "road_000423", "road_000421", "road_000426", "road_001196", "road_000605", "road_000602", "road_000598", "road_000576", "road_000573", "road_000578", "road_000569", "road_000571", "road_001222", "road_000562", "road_000565" ], "normal_response_time_min": 10.165262604610813, "normal_reachable": true, "response_delay_min": 0.73044125177432484, "access_status": "Accessible", "response_disrupted": false, "operationally_affected": false }, "geometry": { "type": "Point", "coordinates": [ 36.812476200058121, -1.26589685 ] } },
{ "type": "Feature", "properties": { "facility_id": "facility_0167", "facility_type": "Police Station", "facility_name": "Nairobi Central Police Station", "network_node": 4938358682, "flood_impact": 0.41881633424903564, "flood_impact_class": "Low", "physically_affected": false, "reachable": true, "response_time_min": 8.3012677921568301, "route_edges": [ "road_003696", "road_004162", "road_003824", "road_003826", "road_006013", "road_004188", "road_004191", "road_006020", "road_003048", "road_003050", "road_003053", "road_000983", "road_000985", "road_004154", "road_003080", "road_003082", "road_003641", "road_005584", "road_005585", "road_005595", "road_004645", "road_004646", "road_005843", "road_005590", "road_000187", "road_000190", "road_000326", "road_000279", "road_000192", "road_000197", "road_000215", "road_004767", "road_000202", "road_000204", "road_000089", "road_000080", "road_000086", "road_000096", "road_000099", "road_003839", "road_003841", "road_006597", "road_003520", "road_000058", "road_000056", "road_000386", "road_001421", "road_001408", "road_001410", "road_000372", "road_000375", "road_000377", "road_000379", "road_001426", "road_001428", "road_001403", "road_001398", "road_001400" ], "normal_response_time_min": 7.5708265403825035, "normal_reachable": true, "response_delay_min": 0.73044125177432662, "access_status": "Accessible", "response_disrupted": false, "operationally_affected": false }, "geometry": { "type": "Point", "coordinates": [ 36.819021996159449, -1.27894285 ] } },
{ "type": "Feature", "properties": { "facility_id": "facility_0168", "facility_type": "Clinic", "facility_name": "Unnamed Facility", "network_node": 30987798, "flood_impact": null, "flood_impact_class": "No Data", "physically_affected": false, "reachable": false, "route_edges": [ ], "normal_reachable": false, "access_status": "No Access", "response_disrupted": true, "operationally_affected": true }, "geometry": { "type": "Point", "coordinates": [ 36.844914423871444, -1.26004935 ] } },
{ "type": "Feature", "properties": { "facility_id": "facility_0169", "facility_type": "Police Station", "facility_name": "Pangani Police Station", "network_node": 3333286005, "flood_impact": 0.50349618518717154, "flood_impact_class": "Low", "physically_affected": false, "reachable": true, "response_time_min": 12.401082450551373, "route_edges": [ "road_003696", "road_004162", "road_003824", "road_003826", "road_006013", "road_004188", "road_004191", "road_006020", "road_003048", "road_003050", "road_003053", "road_000983", "road_000985", "road_004154", "road_003080", "road_003082", "road_003641", "road_005584", "road_005585", "road_005595", "road_004645", "road_004646", "road_005843", "road_005590", "road_000187", "road_000190", "road_000326", "road_000279", "road_000192", "road_000197", "road_000215", "road_004767", "road_000202", "road_000204", "road_000089", "road_000080", "road_000086", "road_000096", "road_000099", "road_003839", "road_003841", "road_006597", "road_003520", "road_000058", "road_000056", "road_000386", "road_001421", "road_001409", "road_001411", "road_001412", "road_003650", "road_003653", "road_003661", "road_004175", "road_003782", "road_001897", "road_003544", "road_005835", "road_000979", "road_000980", "road_003546", "road_003549", "road_000892", "road_000850", "road_000853", "road_000890", "road_005993", "road_006011", "road_002952", "road_002953", "road_003746", "road_000736", "road_000737", "road_000739", "road_001517", "road_000794", "road_000796", "road_000791", "road_000792", "road_000801", "road_001501", "road_005523", "road_005526", "road_001533", "road_001531", "road_001527", "road_001529", "road_006162", "road_002128", "road_001524", "road_001525", "road_001513", "road_001516", "road_002081", "road_001661", "road_001663", "road_001662", "road_004727" ], "normal_response_time_min": 10.114815077325041, "normal_reachable": true, "response_delay_min": 2.2862673732263321, "access_status": "Severely Disrupted", "response_disrupted": true, "operationally_affected": true }, "geometry": { "type": "Point", "coordinates": [ 36.836053160435313, -1.27002505 ] } },
{ "type": "Feature", "properties": { "facility_id": "facility_0170", "facility_type": "Hospital", "facility_name": "Mathari National Teaching & Referral Hospital", "network_node": 6164525796, "flood_impact": null, "flood_impact_class": "No Data", "physically_affected": false, "reachable": true, "response_time_min": 15.917317547849677, "route_edges": [ "road_003696", "road_004162", "road_003824", "road_003826", "road_006013", "road_004188", "road_004191", "road_006020", "road_003048", "road_003050", "road_003053", "road_000983", "road_000985", "road_004154", "road_003080", "road_003082", "road_003641", "road_005584", "road_005585", "road_005595", "road_004645", "road_004646", "road_005843", "road_005590", "road_000187", "road_000190", "road_000326", "road_000279", "road_000192", "road_000197", "road_000215", "road_004767", "road_000202", "road_000204", "road_000089", "road_000080", "road_000086", "road_000096", "road_000099", "road_003839", "road_003841", "road_006597", "road_003520", "road_000058", "road_000056", "road_000386", "road_001421", "road_001409", "road_001411", "road_001412", "road_003650", "road_003653", "road_003661", "road_004175", "road_003782", "road_001897", "road_003544", "road_005835", "road_000979", "road_000980", "road_003546", "road_003549", "road_000892", "road_000850", "road_000853", "road_000890", "road_005993", "road_006011", "road_002952", "road_002953", "road_003746", "road_000736", "road_000737", "road_000739", "road_001517", "road_000794", "road_000796", "road_000791", "road_000792", "road_000801", "road_001501", "road_005523", "road_005526", "road_001533", "road_001531", "road_001527", "road_001529", "road_006162", "road_002128", "road_001524", "road_001525", "road_001513", "road_001516", "road_002081", "road_001661", "road_001664", "road_005024", "road_004731", "road_004730", "road_005019", "road_002243", "road_002242", "road_002250", "road_002322", "road_002510", "road_002508", "road_002492", "road_002483", "road_002491", "road_002504", "road_006088", "road_004663", "road_004036", "road_004033", "road_004027", "road_004025", "road_002294", "road_002293", "road_002300" ], "normal_response_time_min": 12.972677618570348, "normal_reachable": true, "response_delay_min": 2.9446399292793295, "access_status": "Severely Disrupted", "response_disrupted": true, "operationally_affected": true }, "geometry": { "type": "Point", "coordinates": [ 36.846025628034653, -1.2603478 ] } },
{ "type": "Feature", "properties": { "facility_id": "facility_0171", "facility_type": "Hospital", "facility_name": "Mbagathi District Hospital (IDH)", "network_node": 7786262770, "flood_impact": null, "flood_impact_class": "No Data", "physically_affected": false, "reachable": true, "response_time_min": 2.2044579615803142, "route_edges": [ "road_003696", "road_004162", "road_003824", "road_003826", "road_006013", "road_004188", "road_004191", "road_006020", "road_003048", "road_003050", "road_003054", "road_005593", "road_004894", "road_005725" ], "normal_response_time_min": 2.2044579615803142, "normal_reachable": true, "response_delay_min": 0.0, "access_status": "Accessible", "response_disrupted": false, "operationally_affected": false }, "geometry": { "type": "Point", "coordinates": [ 36.803494022740992, -1.3084137 ] } },
{ "type": "Feature", "properties": { "facility_id": "facility_0172", "facility_type": "Hospital", "facility_name": "Hurlingham Medical Center", "network_node": 30030198, "flood_impact": 0.33815029599351765, "flood_impact_class": "Low", "physically_affected": false, "reachable": false, "route_edges": [ ], "normal_response_time_min": 2.9814856522652144, "normal_reachable": true, "access_status": "No Access", "response_disrupted": true, "operationally_affected": true }, "geometry": { "type": "Point", "coordinates": [ 36.801466598382561, -1.295473 ] } },
{ "type": "Feature", "properties": { "facility_id": "facility_0173", "facility_type": "Hospital", "facility_name": "Getrude's Children's Hospital", "network_node": 4192412378, "flood_impact": null, "flood_impact_class": "No Data", "physically_affected": false, "reachable": true, "response_time_min": 6.1176847475732812, "route_edges": [ "road_003696", "road_004162", "road_003824", "road_003826", "road_006014", "road_006019", "road_006432", "road_005532", "road_004102", "road_003697", "road_003699", "road_003690", "road_003692", "road_000171", "road_000173", "road_005710", "road_005971", "road_001876", "road_001879", "road_000152", "road_000144", "road_000148", "road_000153", "road_000158", "road_003029", "road_003713", "road_004538" ], "normal_response_time_min": 3.6816611312773322, "normal_reachable": true, "response_delay_min": 2.436023616295949, "access_status": "Severely Disrupted", "response_disrupted": true, "operationally_affected": true }, "geometry": { "type": "Point", "coordinates": [ 36.819810919005114, -1.30759285 ] } },
{ "type": "Feature", "properties": { "facility_id": "facility_0174", "facility_type": "Hospital", "facility_name": "St. catherine health centre", "network_node": 1498333306, "flood_impact": null, "flood_impact_class": "No Data", "physically_affected": false, "reachable": true, "response_time_min": 9.0480866649969318, "route_edges": [ "road_003696", "road_004162", "road_003824", "road_003826", "road_006014", "road_006019", "road_006432", "road_005532", "road_004102", "road_003697", "road_003699", "road_003690", "road_003692", "road_000171", "road_000173", "road_005710", "road_005971", "road_001876", "road_001879", "road_000152", "road_000146", "road_000139", "road_000143", "road_001986", "road_001985", "road_001989", "road_005047", "road_005048", "road_001996", "road_001977", "road_001963", "road_001968", "road_001972" ], "normal_response_time_min": 6.9219251402645909, "normal_reachable": true, "response_delay_min": 2.1261615247323409, "access_status": "Severely Disrupted", "response_disrupted": true, "operationally_affected": true }, "geometry": { "type": "Point", "coordinates": [ 36.833401220313689, -1.3078382 ] } },
{ "type": "Feature", "properties": { "facility_id": "facility_0175", "facility_type": "Hospital", "facility_name": "Nairobi South Medical Centre", "network_node": 280793507, "flood_impact": null, "flood_impact_class": "No Data", "physically_affected": false, "reachable": true, "response_time_min": 6.3367855419152557, "route_edges": [ "road_003696", "road_004162", "road_003824", "road_003826", "road_006014", "road_006019", "road_006432", "road_005532", "road_004102", "road_003697", "road_003699", "road_003690", "road_003692", "road_000171", "road_000173", "road_005710", "road_005971", "road_001876", "road_001879", "road_000152", "road_000146", "road_000139", "road_000143" ], "normal_response_time_min": 6.3001716066910101, "normal_reachable": true, "response_delay_min": 0.036613935224245608, "access_status": "Accessible", "response_disrupted": false, "operationally_affected": false }, "geometry": { "type": "Point", "coordinates": [ 36.82861075, -1.31380965 ] } },
{ "type": "Feature", "properties": { "facility_id": "facility_0176", "facility_type": "Hospital", "facility_name": "Dental Surgeons - Vinayak & Popat", "network_node": 277576916, "flood_impact": 0.593137616182563, "flood_impact_class": "Moderate", "physically_affected": true, "reachable": true, "response_time_min": 10.362021407822036, "route_edges": [ "road_003696", "road_004162", "road_003824", "road_003826", "road_006013", "road_004188", "road_004191", "road_006020", "road_003048", "road_003050", "road_003053", "road_000983", "road_000985", "road_004154", "road_003080", "road_003082", "road_003641", "road_005584", "road_005585", "road_005595", "road_004645", "road_004646", "road_005843", "road_005590", "road_000187", "road_000190", "road_000326", "road_000279", "road_000192", "road_000197", "road_000215", "road_004767", "road_000202", "road_000204", "road_000089", "road_000080", "road_000086", "road_000096", "road_000099", "road_003839", "road_003841", "road_006597", "road_003520", "road_000058", "road_000056", "road_000386", "road_001421", "road_001408", "road_001410", "road_000372", "road_000375", "road_000376", "road_000378", "road_001336", "road_000394", "road_000395", "road_000397", "road_000400", "road_002444", "road_000435", "road_000437", "road_000431", "road_000433", "road_000439", "road_001235", "road_001246", "road_005194", "road_001130", "road_001132", "road_001808", "road_001811", "road_001812", "road_001817", "road_005362", "road_001824" ], "normal_response_time_min": 9.6315801560477112, "normal_reachable": true, "response_delay_min": 0.73044125177432484, "access_status": "Accessible", "response_disrupted": false, "operationally_affected": true }, "geometry": { "type": "Point", "coordinates": [ 36.800497597355772, -1.26050055 ] } },
{ "type": "Feature", "properties": { "facility_id": "facility_0177", "facility_type": "Hospital", "facility_name": "National Spinal Injury Referral Hospital", "network_node": 30396822, "flood_impact": 0.51795355918023556, "flood_impact_class": "Low", "physically_affected": false, "reachable": true, "response_time_min": 8.1136212464309221, "route_edges": [ "road_003696", "road_004162", "road_003824", "road_003826", "road_006013", "road_004188", "road_004191", "road_006020", "road_003048", "road_003050", "road_003053", "road_000983", "road_000985", "road_004154", "road_003080", "road_003082", "road_003641", "road_005584", "road_005585", "road_005595", "road_004645", "road_004647", "road_005837", "road_005838", "road_004161", "road_005845", "road_004644", "road_000210", "road_000127", "road_000180", "road_000186", "road_000654", "road_000008", "road_000004", "road_000015", "road_003302", "road_003307", "road_004061", "road_000550" ], "normal_response_time_min": 5.230673773406223, "normal_reachable": true, "response_delay_min": 2.8829474730246991, "access_status": "Severely Disrupted", "response_disrupted": true, "operationally_affected": true }, "geometry": { "type": "Point", "coordinates": [ 36.794124382597431, -1.2881855 ] } },
{ "type": "Feature", "properties": { "facility_id": "facility_0178", "facility_type": "Hospital", "facility_name": "The Nairobi West Hospital", "network_node": 13948870440, "flood_impact": null, "flood_impact_class": "No Data", "physically_affected": false, "reachable": true, "response_time_min": 6.6742531791142161, "route_edges": [ "road_003696", "road_004162", "road_003824", "road_003826", "road_006014", "road_006019", "road_006432", "road_005532", "road_004102", "road_003697", "road_003699", "road_003690", "road_003692", "road_000171", "road_000173", "road_005710", "road_005971", "road_001876", "road_001879", "road_000152", "road_000144", "road_000148", "road_000155", "road_000161", "road_003008" ], "normal_response_time_min": 5.2883567434929786, "normal_reachable": true, "response_delay_min": 1.3858964356212375, "access_status": "Disrupted", "response_disrupted": true, "operationally_affected": true }, "geometry": { "type": "Point", "coordinates": [ 36.825974768801984, -1.3064579 ] } },
{ "type": "Feature", "properties": { "facility_id": "facility_0179", "facility_type": "Hospital", "facility_name": "Care Hospital", "network_node": 6172894927, "flood_impact": null, "flood_impact_class": "No Data", "physically_affected": false, "reachable": true, "response_time_min": 12.96828379948116, "route_edges": [ "road_003696", "road_004162", "road_003824", "road_003826", "road_006013", "road_004188", "road_004191", "road_006020", "road_003048", "road_003050", "road_003053", "road_000983", "road_000985", "road_004154", "road_003080", "road_003082", "road_003641", "road_005584", "road_005585", "road_005595", "road_004645", "road_004646", "road_005843", "road_005590", "road_000187", "road_000190", "road_000326", "road_000279", "road_000192", "road_000197", "road_000215", "road_004767", "road_000202", "road_000204", "road_000089", "road_000080", "road_000086", "road_000096", "road_000099", "road_003839", "road_003841", "road_006597", "road_003520", "road_000058", "road_000056", "road_000386", "road_001421", "road_001409", "road_001411", "road_001412", "road_003650", "road_003653", "road_003661", "road_004175", "road_003782", "road_001897", "road_003544", "road_005835", "road_000979", "road_000980", "road_003546", "road_003549", "road_000892", "road_000850", "road_000853", "road_000890", "road_005993", "road_006011", "road_002952", "road_002953", "road_003746", "road_000736", "road_000737", "road_000739", "road_001517", "road_000794", "road_000796", "road_000791", "road_000792", "road_000801", "road_001501", "road_005523", "road_005526", "road_001533", "road_001531", "road_001527", "road_001529", "road_006162", "road_002128", "road_001524", "road_001525", "road_001512", "road_001514", "road_004252", "road_004692", "road_003590", "road_005486", "road_005715", "road_002174", "road_005714", "road_002798" ], "normal_response_time_min": 10.805933647875602, "normal_reachable": true, "response_delay_min": 2.1623501516055583, "access_status": "Severely Disrupted", "response_disrupted": true, "operationally_affected": true }, "geometry": { "type": "Point", "coordinates": [ 36.84675942945082, -1.28047115 ] } },
{ "type": "Feature", "properties": { "facility_id": "facility_0180", "facility_type": "Hospital", "facility_name": "Precise Imaging upperhill", "network_node": 7695202832, "flood_impact": null, "flood_impact_class": "No Data", "physically_affected": false, "reachable": true, "response_time_min": 3.9912744987956894, "route_edges": [ "road_003696", "road_004162", "road_003824", "road_003826", "road_006013", "road_004188", "road_004191", "road_006020", "road_003048", "road_003050", "road_003054", "road_005593", "road_004894", "road_005725", "road_005829", "road_006436", "road_006435", "road_006280", "road_006277" ], "normal_response_time_min": 3.9912744987956894, "normal_reachable": true, "response_delay_min": 0.0, "access_status": "Accessible", "response_disrupted": false, "operationally_affected": false }, "geometry": { "type": "Point", "coordinates": [ 36.811557221856013, -1.3063811 ] } },
{ "type": "Feature", "properties": { "facility_id": "facility_0181", "facility_type": "Hospital", "facility_name": "Garden Specialist Hospital", "network_node": 7687558097, "flood_impact": 0.58955306195210633, "flood_impact_class": "Moderate", "physically_affected": true, "reachable": true, "response_time_min": 7.7799028076317214, "route_edges": [ "road_003696", "road_004162", "road_003824", "road_003826", "road_006013", "road_004188", "road_004191", "road_006020", "road_003048", "road_003050", "road_003053", "road_000983", "road_000985", "road_004154", "road_003080", "road_003082", "road_003641", "road_005584", "road_005585", "road_005595", "road_004645", "road_004647", "road_005837", "road_005838", "road_004161", "road_005845", "road_004644", "road_000210", "road_000127", "road_000180", "road_000186", "road_000654", "road_000008", "road_000004", "road_000015", "road_003302", "road_003306", "road_004060" ], "normal_response_time_min": 5.8077380460350678, "normal_reachable": true, "response_delay_min": 1.9721647615966535, "access_status": "Disrupted", "response_disrupted": true, "operationally_affected": true }, "geometry": { "type": "Point", "coordinates": [ 36.797919287342651, -1.2888363 ] } },
{ "type": "Feature", "properties": { "facility_id": "facility_0182", "facility_type": "Hospital", "facility_name": "Texas Cancer Centre, Nairobi", "network_node": 521103123, "flood_impact": null, "flood_impact_class": "No Data", "physically_affected": false, "reachable": true, "response_time_min": 2.1095817797884733, "route_edges": [ "road_003696", "road_004162", "road_003824", "road_003826", "road_006014", "road_006019", "road_006432", "road_005532", "road_004102", "road_003697", "road_003699" ], "normal_response_time_min": 2.1095817797884733, "normal_reachable": true, "response_delay_min": 0.0, "access_status": "Accessible", "response_disrupted": false, "operationally_affected": false }, "geometry": { "type": "Point", "coordinates": [ 36.81371244322284, -1.3122997 ] } },
{ "type": "Feature", "properties": { "facility_id": "facility_0183", "facility_type": "Police Station", "facility_name": "California Police Station", "network_node": 282408940, "flood_impact": null, "flood_impact_class": "No Data", "physically_affected": false, "reachable": true, "response_time_min": 13.43942539183795, "route_edges": [ "road_003696", "road_004162", "road_003824", "road_003826", "road_006013", "road_004188", "road_004191", "road_006020", "road_003048", "road_003050", "road_003053", "road_000983", "road_000985", "road_004154", "road_003080", "road_003082", "road_003641", "road_005584", "road_005585", "road_005595", "road_004645", "road_004646", "road_005843", "road_005590", "road_000187", "road_000190", "road_000326", "road_000279", "road_000192", "road_000197", "road_000215", "road_004767", "road_000202", "road_000204", "road_000089", "road_000080", "road_000086", "road_000096", "road_000099", "road_003839", "road_003841", "road_006597", "road_003520", "road_000058", "road_000056", "road_000386", "road_001421", "road_001409", "road_001411", "road_001412", "road_003650", "road_003653", "road_003661", "road_004175", "road_003782", "road_001897", "road_003544", "road_005835", "road_000979", "road_000980", "road_003546", "road_003549", "road_000892", "road_000850", "road_000853", "road_000890", "road_005993", "road_006011", "road_002952", "road_002953", "road_003746", "road_000736", "road_000737", "road_000739", "road_001517", "road_000794", "road_000796", "road_000791", "road_000792", "road_000801", "road_001501", "road_005523", "road_005526", "road_001533", "road_001531", "road_001527", "road_001529", "road_006162", "road_002128", "road_001524", "road_001525", "road_001512", "road_001514", "road_004252", "road_004692", "road_003590", "road_005486", "road_005715", "road_002174", "road_005714", "road_002798", "road_002799", "road_002794" ], "normal_response_time_min": 11.277075240232392, "normal_reachable": true, "response_delay_min": 2.1623501516055583, "access_status": "Severely Disrupted", "response_disrupted": true, "operationally_affected": true }, "geometry": { "type": "Point", "coordinates": [ 36.848793138394896, -1.2825279 ] } },
{ "type": "Feature", "properties": { "facility_id": "facility_0184", "facility_type": "Hospital", "facility_name": "Mbagathi County Referral Hospital", "network_node": 7786262770, "flood_impact": null, "flood_impact_class": "No Data", "physically_affected": false, "reachable": true, "response_time_min": 2.2044579615803142, "route_edges": [ "road_003696", "road_004162", "road_003824", "road_003826", "road_006013", "road_004188", "road_004191", "road_006020", "road_003048", "road_003050", "road_003054", "road_005593", "road_004894", "road_005725" ], "normal_response_time_min": 2.2044579615803142, "normal_reachable": true, "response_delay_min": 0.0, "access_status": "Accessible", "response_disrupted": false, "operationally_affected": false }, "geometry": { "type": "Point", "coordinates": [ 36.80330530278713, -1.309043 ] } },
{ "type": "Feature", "properties": { "facility_id": "facility_0185", "facility_type": "Hospital", "facility_name": "Kenya Defense Forces Memorial Hospital", "network_node": 1352870786, "flood_impact": null, "flood_impact_class": "No Data", "physically_affected": false, "reachable": true, "response_time_min": 0.7538737887741167, "route_edges": [ "road_003696", "road_004162", "road_003824", "road_003826", "road_006013", "road_004189" ], "normal_response_time_min": 0.7538737887741167, "normal_reachable": true, "response_delay_min": 0.0, "access_status": "Accessible", "response_disrupted": false, "operationally_affected": false }, "geometry": { "type": "Point", "coordinates": [ 36.80425664416331, -1.31091835 ] } }
]
}
